name,cx,cy,cz,width,depth,angle
Building.002,1346.810,3232.889,20.918,21.696,14.816,-120.00
Building.003,1354.246,3248.065,20.918,25.929,28.046,-135.00
Building.004,1342.898,3218.883,20.918,23.812,13.229,75.00
Building.005,1337.510,3205.683,20.918,26.458,20.638,75.00
Building.006,1371.344,3230.768,20.918,22.754,28.443,-135.00
Building.007,1386.018,3214.719,20.918,21.828,18.521,-135.00
Building.008,1407.515,3194.939,20.918,32.411,21.167,-135.00
Building.009,1383.678,3208.935,20.918,29.104,21.167,-105.00
Building.010,1365.785,3217.275,20.918,24.209,25.797,-120.00
Building.011,1224.557,3235.372,20.918,21.828,24.474,135.00
Building.012,1227.717,3228.348,20.918,19.182,21.166,-45.00
Building.013,1255.577,3202.459,20.918,29.766,27.781,60.00
Building.014,1252.040,3194.979,20.918,26.679,27.781,60.00
Building.015,1241.316,3191.784,20.918,17.000,15.148,60.00
Building.016,1272.221,3192.677,20.918,19.465,31.486,150.00
Building.017,1282.259,3204.170,20.918,19.050,12.700,-75.00
Building.018,1298.084,3195.360,20.918,12.700,12.171,-105.00
Building.019,1312.854,3163.507,20.918,46.302,29.792,45.00
Building.020,1346.765,3155.576,20.918,14.817,9.525,-90.00
Building.021,1334.824,3150.466,20.918,11.113,11.906,-120.00
Building.022,1384.054,3170.624,20.918,17.145,13.759,-90.00
Building.023,1365.561,3165.462,20.918,15.875,19.050,180.00
Building.024,1421.643,3149.876,20.918,23.812,10.319,90.00
Building.025,1462.147,3112.539,20.918,0.063,0.661,90.00
Building.026,1445.157,3113.846,20.918,34.995,15.875,-90.00
Building.027,1418.178,3138.417,20.918,15.405,12.978,90.00
Building.028,1416.347,3138.251,20.918,17.942,14.552,-90.00
Building.029,1538.042,3024.605,20.918,77.391,111.787,-150.00
Building.030,1597.179,2944.066,20.918,121.288,213.651,-150.00
Building.031,1539.250,3055.841,20.918,0.122,0.159,45.00
Building.032,1530.108,3066.237,20.918,20.701,27.094,-135.00
Building.033,1494.845,3104.548,20.918,31.583,37.147,-135.00
Building.034,1477.401,3122.874,20.918,1.159,1.548,45.00
Building.035,1545.416,2933.579,20.918,22.490,21.082,120.00
Building.036,1546.452,2950.904,20.918,1.984,0.746,30.00
Building.037,1633.291,2922.820,20.918,14.096,15.857,30.00
Building.038,1429.408,2828.487,20.918,53.975,66.675,180.00
Building.039,1351.526,2820.511,20.918,59.531,63.500,-135.00
Building.040,1405.890,2768.274,20.918,33.338,49.213,105.00
Building.041,1369.966,2760.032,20.918,16.669,40.481,15.00
Building.042,1379.759,2782.259,20.918,0.793,2.381,0.00
Building.043,1356.225,2877.741,20.918,1.326,1.587,15.00
Building.044,1334.530,2867.265,20.918,44.711,53.181,120.00
Building.045,1396.444,2945.833,20.918,22.225,11.113,-75.00
Building.046,1398.524,2930.920,20.918,25.135,12.700,105.00
Building.047,1348.057,2954.151,20.918,17.463,7.938,90.00
Building.048,1350.648,2942.449,20.918,15.346,10.054,-90.00
Building.049,1353.883,2918.132,20.918,13.229,9.525,105.00
Building.050,1414.008,2903.899,20.918,11.642,23.284,0.00
Building.051,1409.759,2871.370,20.918,44.318,21.167,105.00
Building.052,1374.946,2894.286,20.918,11.906,41.010,0.00
Building.053,1404.672,2882.228,20.918,7.938,5.953,120.00
Building.054,1396.347,2893.566,20.918,23.031,29.104,15.00
Building.055,1359.979,2866.617,20.918,12.700,26.485,-165.00
Building.056,1360.937,2771.139,20.918,10.319,13.097,-165.00
Building.057,1369.795,2929.826,20.918,8.202,16.669,0.00
Building.058,1411.429,2918.226,20.918,10.054,8.467,105.00
Building.059,1543.264,2889.570,20.918,36.915,36.915,-45.00
Building.060,1564.001,2905.159,20.918,0.656,0.127,-75.00
Building.061,1537.417,2899.260,20.918,20.108,11.642,-75.00
Building.062,1537.405,2884.913,20.918,20.638,16.404,135.00
Building.063,1527.266,2880.127,20.918,22.754,32.279,180.00
Building.064,1541.995,2858.135,20.918,19.050,30.790,0.00
Building.065,1521.930,2849.716,20.918,40.746,25.400,-165.00
Building.066,1497.883,2816.014,20.918,25.400,12.700,75.00
Building.067,1489.182,2769.459,20.918,15.346,17.463,105.00
Building.068,1515.612,2791.020,20.918,23.813,11.113,-90.00
Building.069,1527.348,2818.074,20.918,16.933,16.933,-30.00
Building.070,1536.347,2799.717,20.918,15.875,9.525,45.00
Building.071,1549.203,2814.726,20.918,19.579,37.042,-15.00
Building.072,1559.477,2812.199,20.918,17.992,33.867,-15.00
Building.073,1696.446,2827.620,20.918,26.458,35.983,135.00
Building.074,1644.793,2847.761,20.918,14.839,15.222,-15.00
Building.075,1570.777,2841.545,20.918,20.108,24.871,-165.00
Building.076,1577.472,2861.769,20.918,23.283,34.925,30.00
Building.077,1581.233,2853.352,20.918,33.867,29.104,-60.00
Building.078,1608.973,2826.544,20.918,24.099,33.867,30.00
Building.079,1591.257,2825.281,20.918,25.576,28.812,30.00
Building.080,1587.474,2819.853,20.918,13.758,23.812,45.00
Building.081,1614.931,2817.015,20.918,14.954,26.172,-150.00
Building.082,1615.635,2802.882,20.918,12.171,11.642,-90.00
Building.083,1600.377,2772.424,20.918,31.750,39.158,60.00
Building.084,1698.774,2786.672,20.918,31.750,31.750,45.00
Building.085,1750.072,2761.744,20.918,30.162,25.929,120.00
Building.086,1737.848,2773.190,20.918,22.225,19.050,135.00
Building.087,1762.169,2799.585,20.918,18.521,13.758,135.00
Building.088,1605.803,2744.297,20.918,11.642,10.054,-105.00
Building.089,1605.852,2720.644,20.918,25.400,27.517,165.00
Building.090,1592.867,2693.404,20.918,14.288,17.992,60.00
Building.091,1591.113,2701.594,20.918,14.817,13.759,150.00
Building.092,1589.275,2684.109,20.918,33.338,27.517,-165.00
Building.093,1580.146,2647.028,20.918,19.050,13.229,165.00
Building.094,1574.718,2632.360,20.918,22.225,23.283,45.00
Building.095,1575.885,2621.902,20.918,14.817,26.458,-165.00
Building.096,1568.745,2615.083,20.918,31.221,38.100,165.00
Building.097,1560.557,2638.506,20.918,10.054,14.287,-30.00
Building.098,1565.584,2638.506,20.918,16.933,14.287,180.00
Building.099,1886.067,2724.447,20.918,22.891,18.651,-120.00
Building.100,1878.374,2717.791,20.918,21.167,19.050,-135.00
Building.1000,2845.516,1359.158,20.918,12.165,12.248,-150.00
Building.1001,2849.069,1365.870,20.918,14.812,13.685,-60.00
Building.1002,2863.693,1362.290,20.918,13.516,12.742,120.00
Building.1003,2885.082,1382.348,20.918,18.451,14.321,-60.00
Building.1004,2880.116,1375.380,20.918,11.195,10.828,-150.00
Building.1005,2846.321,1376.108,20.918,35.266,23.283,120.00
Building.1006,2829.966,1401.730,20.918,14.878,32.808,15.00
Building.1007,2963.192,1292.477,20.918,27.781,42.995,135.00
Building.1008,2971.460,1254.112,20.918,60.193,42.333,90.00
Building.1009,2933.195,1362.955,20.918,23.151,11.906,105.00
Building.101,1881.853,2695.320,20.918,11.642,10.583,75.00
Building.1010,2961.906,1330.434,20.918,14.552,20.505,-150.00
Building.1011,2842.132,1272.062,20.918,42.145,48.849,0.00
Building.1012,2911.185,1349.958,20.918,19.438,26.852,-165.00
Building.1013,2908.291,1360.608,20.918,0.662,0.271,15.00
Building.1014,2908.291,1360.608,20.918,1.760,1.129,15.00
Building.1015,2869.857,1344.076,20.918,18.979,18.277,-60.00
Building.1016,2880.943,1337.858,20.918,19.735,27.813,-165.00
Building.1017,2898.512,1345.372,20.918,15.653,23.351,-165.00
Building.1018,2903.066,1335.037,20.918,28.697,19.558,-75.00
Building.1019,2907.913,1309.283,20.918,29.899,10.799,-75.00
Building.102,1826.657,2674.358,20.918,26.987,17.992,45.00
Building.1020,2907.284,1309.188,20.918,29.412,13.053,105.00
Building.1021,2915.635,1291.626,20.918,21.913,12.536,90.00
Building.1022,2921.010,1258.795,20.918,27.673,11.702,90.00
Building.1023,2918.429,1282.762,20.918,25.806,13.253,-90.00
Building.1024,2917.177,1282.659,20.918,23.235,10.813,90.00
Building.1025,2864.439,1313.928,20.918,41.353,45.412,15.00
Building.1026,2868.876,1331.986,20.918,20.214,23.959,-150.00
Building.1027,2877.750,1319.142,20.918,20.108,14.817,-150.00
Building.1028,2931.534,1249.135,20.918,14.139,21.423,-165.00
Building.1029,2920.992,1250.006,20.918,16.168,22.605,165.00
Building.103,1848.606,2670.923,20.918,19.579,24.342,165.00
Building.1030,2931.733,1247.919,20.918,8.799,21.533,15.00
Building.1031,2900.268,1271.906,20.918,27.517,59.055,-180.00
Building.1032,2905.959,1282.240,20.918,9.900,39.080,-180.00
Building.1033,2841.285,1313.762,20.918,20.373,34.068,-165.00
Building.1034,2850.346,1319.752,20.918,19.050,29.675,-165.00
Building.1035,2842.395,1268.751,20.918,18.137,32.803,-180.00
Building.1036,2853.438,1267.421,20.918,14.815,33.833,-165.00
Building.1037,2877.714,1269.314,20.918,21.494,49.576,0.00
Building.1038,2877.047,1275.319,20.918,10.595,19.577,-180.00
Building.1039,2007.969,1443.747,20.918,26.395,11.482,90.00
Building.104,1884.225,2659.750,20.918,28.090,38.603,-30.00
Building.1040,2003.697,1435.870,20.918,25.498,16.579,0.00
Building.1041,2008.792,1419.827,20.918,20.185,10.250,90.00
Building.1042,1940.185,1452.885,20.918,23.668,23.593,30.00
Building.1043,1993.113,1467.620,20.918,23.692,36.519,-180.00
Building.1044,1964.756,1482.296,20.918,27.463,16.553,-90.00
Building.1045,1939.878,1479.452,20.918,23.241,14.862,-90.00
Building.1046,1965.113,1457.328,20.918,10.789,21.762,15.00
Building.1047,1972.398,1458.365,20.918,8.786,21.454,15.00
Building.1048,1955.326,1455.833,20.918,14.883,22.424,15.00
Building.1049,2005.775,1389.019,20.918,20.073,10.319,-90.00
Building.105,1865.480,2665.347,20.918,25.513,31.740,165.00
Building.1050,1983.768,1408.568,20.918,16.537,7.938,-75.00
Building.1051,1964.140,1432.723,20.918,25.400,26.175,30.00
Building.1052,2992.024,1193.905,20.918,64.708,53.404,30.00
Building.1053,3067.326,1086.377,20.918,26.522,26.490,-150.00
Building.1054,3025.469,1144.581,20.918,60.453,43.747,60.00
Building.1055,3028.775,1163.893,20.918,31.382,21.278,120.00
Building.1056,3013.110,1177.580,20.918,46.843,36.072,-75.00
Building.1057,3042.554,1116.201,20.918,49.199,30.534,105.00
Building.1058,3050.101,1100.658,20.918,47.019,31.511,120.00
Building.1059,3051.226,1101.143,20.918,42.725,22.824,-60.00
Building.106,1883.578,2658.479,20.918,31.468,35.620,150.00
Building.1060,3068.257,1084.826,20.918,21.546,27.136,30.00
Building.1061,3038.831,1076.544,20.918,21.789,24.420,30.00
Building.1062,3062.569,1050.155,20.918,16.934,12.171,105.00
Building.1063,3072.365,1011.810,20.918,27.517,28.046,45.00
Building.1064,3118.365,964.056,20.918,14.288,15.875,-150.00
Building.1065,3094.880,972.397,20.918,9.525,11.113,15.00
Building.1066,3117.521,912.940,20.918,83.609,106.363,15.00
Building.1067,3122.162,851.389,20.918,14.288,7.937,105.00
Building.1068,3201.854,710.838,20.918,84.567,65.088,-165.00
Building.1069,3145.201,841.024,20.918,69.850,25.400,-75.00
Building.107,1896.391,2653.054,20.918,24.027,39.738,-30.00
Building.1070,3120.392,796.627,20.918,30.692,60.375,15.00
Building.1071,3192.073,805.193,20.918,43.228,79.343,30.00
Building.1072,3206.085,774.768,20.918,15.959,17.460,-150.00
Building.1073,3195.858,771.942,20.918,14.030,18.984,-165.00
Building.1074,3185.851,769.630,20.918,12.155,20.160,-165.00
Building.1075,3177.027,767.475,20.918,12.027,21.733,-165.00
Building.1076,3157.601,764.208,20.918,12.381,22.928,15.00
Building.1077,3146.439,761.360,20.918,17.732,23.811,30.00
Building.1078,3145.946,762.527,20.918,21.436,25.844,-150.00
Building.1079,3179.881,750.289,20.918,86.290,31.732,105.00
Building.108,1985.610,2607.788,20.918,51.883,68.144,-90.00
Building.1080,3166.288,729.001,20.918,50.984,30.440,105.00
Building.1081,3215.025,755.181,20.918,22.754,20.610,-75.00
Building.1082,3193.398,723.743,20.918,48.344,52.917,45.00
Building.1083,3165.146,721.913,20.918,12.716,15.522,-150.00
Building.1084,3236.313,710.102,20.918,10.258,17.785,-180.00
Building.1085,3208.084,721.262,20.918,21.696,20.637,-75.00
Building.1086,3163.806,712.101,20.918,39.075,38.813,-90.00
Building.1087,3180.003,700.521,20.918,10.941,8.996,-75.00
Building.1088,3162.762,687.563,20.918,16.404,11.967,120.00
Building.1089,3244.701,713.480,20.918,11.301,17.992,-150.00
Building.109,2028.570,2594.608,20.918,26.035,45.909,-135.00
Building.1090,3249.604,656.388,20.918,16.933,28.575,15.00
Building.1091,3232.218,646.016,20.918,13.229,19.050,15.00
Building.1092,3219.667,641.545,20.918,22.225,30.163,-150.00
Building.1093,3255.311,570.152,20.918,38.101,84.138,15.00
Building.1094,3220.422,594.901,20.918,11.113,12.700,15.00
Building.1095,3212.787,574.131,20.918,12.171,10.054,105.00
Building.1096,3255.385,478.757,20.918,52.917,38.100,105.00
Building.1097,3366.840,442.875,20.918,25.400,37.042,0.00
Building.1098,3274.598,461.736,20.918,19.050,10.054,-75.00
Building.1099,3271.171,417.020,20.918,49.213,26.988,-75.00
Building.110,2028.099,2578.510,20.918,11.642,15.934,-45.00
Building.1100,3301.195,353.225,20.918,29.634,14.817,105.00
Building.1101,3253.956,374.976,20.918,18.521,35.983,15.00
Building.1102,3398.968,341.740,20.918,33.338,61.384,15.00
Building.1103,3381.884,243.969,20.918,16.404,24.342,15.00
Building.1104,3396.630,270.064,20.918,10.584,8.996,-75.00
Building.1105,3447.827,287.374,20.918,7.409,7.938,-165.00
Building.1106,3439.108,273.333,20.918,10.054,8.467,-45.00
Building.1107,3320.202,307.634,20.918,31.750,22.490,120.00
Building.1108,3273.589,307.870,20.918,27.781,22.490,-75.00
Building.1109,3327.509,292.281,20.918,11.906,8.599,-75.00
Building.111,1935.187,2659.670,20.918,30.831,29.104,-105.00
Building.1110,3321.195,268.608,20.918,19.183,9.922,-75.00
Building.1111,3320.132,236.171,20.918,37.041,22.490,105.00
Building.1112,3429.638,216.280,20.918,25.135,28.749,-165.00
Building.1113,3426.856,228.954,20.918,1.323,1.016,15.00
Building.1114,3458.399,243.158,20.918,18.521,11.906,-75.00
Building.1115,3480.416,229.337,20.918,13.891,7.276,-90.00
Building.1116,3493.926,208.336,20.918,13.229,14.552,-165.00
Building.1117,3426.265,147.035,20.918,33.734,66.807,15.00
Building.1118,3482.464,140.924,20.918,22.490,10.583,-90.00
Building.1119,3462.703,76.892,20.918,74.083,35.719,105.00
Building.112,1948.592,2621.297,20.918,17.463,34.396,165.00
Building.1120,3491.689,48.825,20.918,72.099,30.427,105.00
Building.1121,3510.712,102.985,20.918,10.583,11.906,-60.00
Building.1122,3342.733,218.968,20.918,24.474,11.906,-75.00
Building.1123,3340.032,185.726,20.918,46.963,25.797,105.00
Building.1124,3335.689,174.867,20.918,64.162,27.120,-75.00
Building.1125,3356.600,134.849,20.918,42.995,23.812,105.00
Building.1126,3359.354,113.754,20.918,51.594,27.781,-75.00
Building.1127,3374.698,58.331,20.918,42.334,25.797,-75.00
Building.1128,3391.942,18.896,20.918,43.656,23.812,105.00
Building.1129,3270.795,275.418,20.918,9.260,13.891,-165.00
Building.113,1943.673,2648.981,20.918,56.082,29.104,-15.00
Building.1130,3276.294,226.743,20.918,11.906,16.536,15.00
Building.1131,3337.500,41.351,20.918,23.813,27.120,-75.00
Building.1132,3322.317,133.477,20.918,9.922,7.938,-165.00
Building.1133,3317.325,92.693,20.918,7.276,7.938,-165.00
Building.1134,3513.391,84.268,20.918,9.922,8.599,-75.00
Building.1135,3441.463,36.512,20.918,10.583,7.276,-75.00
Building.1136,3464.063,187.478,20.918,32.411,13.891,-75.00
Building.1137,3281.552,251.142,20.918,9.260,12.568,15.00
Building.1138,3413.098,20.338,20.918,8.467,7.409,-60.00
Building.1139,2062.258,1228.729,20.918,25.399,34.462,-150.00
Building.114,1969.206,2620.488,20.918,32.658,49.702,165.00
Building.1140,2152.605,1217.891,20.918,35.788,50.141,-150.00
Building.1141,2071.005,1180.454,20.918,46.240,62.668,30.00
Building.1142,2092.112,1189.086,20.918,35.055,54.807,30.00
Building.1143,2102.585,1193.875,20.918,36.679,55.398,30.00
Building.1144,2129.417,1207.829,20.918,36.410,58.363,-150.00
Building.1145,2128.363,1209.814,20.918,26.865,52.973,30.00
Building.1146,2132.937,1239.730,20.918,25.135,41.341,-30.00
Building.1147,2615.698,1355.520,20.918,14.787,28.372,0.00
Building.1148,2579.187,1401.663,20.918,35.642,25.533,75.00
Building.1149,2555.031,1415.047,20.918,19.130,17.463,135.00
Building.115,1750.131,2596.054,20.918,44.575,28.287,-30.00
Building.1150,2554.337,1414.428,20.918,21.121,18.386,-45.00
Building.1151,2600.828,1383.071,20.918,18.546,80.149,-180.00
Building.1152,2585.023,1371.918,20.918,12.620,57.832,0.00
Building.1153,2561.754,1394.799,20.918,16.405,23.283,-180.00
Building.1154,2577.223,1389.786,20.918,17.081,16.238,105.00
Building.1155,2568.804,1394.568,20.918,8.984,20.448,-165.00
Building.1156,2552.678,1364.762,20.918,7.315,37.233,180.00
Building.1157,2585.264,1368.539,20.918,16.302,48.428,-180.00
Building.1158,2789.391,1258.766,20.918,15.660,19.462,-180.00
Building.1159,2783.484,1298.792,20.918,37.253,38.615,120.00
Building.116,1732.049,2556.201,20.918,31.291,26.085,75.00
Building.1160,2764.873,1301.745,20.918,16.231,16.657,-180.00
Building.1161,2758.141,1293.498,20.918,16.933,12.112,-90.00
Building.1162,2756.427,1309.089,20.918,15.166,13.169,90.00
Building.1163,2774.256,1283.688,20.918,51.385,21.984,-75.00
Building.1164,2764.428,1247.137,20.918,23.729,20.906,90.00
Building.1165,2789.357,1259.240,20.918,12.371,18.388,0.00
Building.1166,2708.828,1264.837,20.918,61.384,53.446,30.00
Building.1167,2727.279,1299.552,20.918,23.971,14.966,-90.00
Building.1168,2727.833,1319.365,20.918,22.597,9.842,-90.00
Building.1169,2728.108,1299.632,20.918,23.397,12.781,90.00
Building.117,1741.627,2585.271,20.918,29.922,21.442,-105.00
Building.1170,2716.140,1306.584,20.918,13.852,28.287,180.00
Building.1171,2692.403,1307.762,20.918,14.288,29.634,-180.00
Building.1172,2692.447,1306.877,20.918,11.038,28.969,0.00
Building.1173,2725.308,1277.508,20.918,18.353,16.628,15.00
Building.1174,2710.683,1296.152,20.918,19.579,12.700,-60.00
Building.1175,2636.538,1315.233,20.918,58.208,34.613,-90.00
Building.1176,2653.321,1312.774,20.918,19.971,14.635,75.00
Building.1177,2634.572,1315.392,20.918,20.108,10.746,90.00
Building.1178,2566.518,1314.334,20.918,14.256,26.455,0.00
Building.1179,2607.987,1310.737,20.918,16.468,30.393,180.00
Building.118,1760.008,2578.889,20.918,15.170,17.090,-105.00
Building.1180,2557.048,1316.646,20.918,16.534,23.062,180.00
Building.1181,2566.542,1315.555,20.918,9.972,24.222,180.00
Building.1182,2593.245,1312.545,20.918,13.576,28.243,180.00
Building.1183,2406.941,1374.262,20.918,31.025,54.911,-150.00
Building.1184,2366.185,1518.362,20.918,57.010,17.517,105.00
Building.1185,2375.103,1509.540,20.918,64.920,29.130,105.00
Building.1186,2383.693,1489.166,20.918,71.163,42.267,105.00
Building.1187,2401.743,1470.725,20.918,57.367,37.926,105.00
Building.1188,2366.827,1459.942,20.918,22.156,17.732,105.00
Building.1189,2360.754,1480.932,20.918,20.733,13.323,-75.00
Building.119,1759.205,2556.111,20.918,16.593,21.545,165.00
Building.1190,2379.784,1449.391,20.918,25.880,31.669,-165.00
Building.1191,2388.301,1414.170,20.918,43.921,42.333,45.00
Building.1192,2409.405,1451.092,20.918,59.047,37.675,120.00
Building.1193,2413.234,1452.823,20.918,51.135,34.227,-60.00
Building.1194,2426.703,1441.279,20.918,45.509,22.412,-60.00
Building.1195,2432.723,1404.543,20.918,55.241,30.692,105.00
Building.1196,2429.776,1403.412,20.918,58.738,31.680,-75.00
Building.1197,2437.988,1389.254,20.918,54.317,29.633,-75.00
Building.1198,2442.276,1366.545,20.918,54.308,25.796,-75.00
Building.1199,2376.429,1357.802,20.918,29.897,46.995,30.00
Building.120,1741.434,2611.212,20.918,34.592,21.617,-105.00
Building.1200,2383.663,1396.489,20.918,28.848,24.839,135.00
Building.1201,2373.740,1423.230,20.918,25.458,23.936,-135.00
Building.1202,2383.300,1364.913,20.918,29.342,54.943,30.00
Building.1203,2391.160,1368.502,20.918,28.434,56.245,15.00
Building.1204,2406.532,1375.267,20.918,26.988,50.271,15.00
Building.1205,2362.584,1410.777,20.918,19.623,30.731,-150.00
Building.1206,2371.296,1391.490,20.918,15.235,17.118,-150.00
Building.1207,1948.557,1766.387,20.918,23.186,29.724,-15.00
Building.1208,1945.834,1790.665,20.918,22.754,25.837,0.00
Building.1209,1956.970,1799.869,20.918,21.740,14.288,75.00
Building.121,2290.679,2287.240,20.918,40.582,28.531,-135.00
Building.1210,1976.415,1792.166,20.918,13.574,36.206,180.00
Building.1211,1940.219,1767.036,20.918,16.752,29.633,-15.00
Building.1212,1966.628,1760.744,20.918,10.853,30.745,0.00
Building.1213,1956.676,1750.328,20.918,23.591,8.467,-90.00
Building.1214,2582.241,1167.020,20.918,30.163,31.221,-75.00
Building.1215,2450.463,1298.569,20.918,19.371,78.364,0.00
Building.1216,2460.412,1311.825,20.918,15.875,50.325,0.00
Building.1217,2460.450,1312.654,20.918,11.204,48.793,180.00
Building.1218,2434.042,1307.350,20.918,10.209,59.387,15.00
Building.1219,2428.595,1325.110,20.918,10.258,26.667,15.00
Building.122,1876.203,2447.706,20.918,30.427,19.656,90.00
Building.1220,1997.529,1722.240,20.918,23.813,17.723,-135.00
Building.1221,2005.722,1758.074,20.918,42.333,11.113,-105.00
Building.1222,2005.899,1742.559,20.918,15.333,20.867,-15.00
Building.1223,2017.305,1723.468,20.918,10.418,16.119,0.00
Building.1224,2018.763,1740.757,20.918,8.373,20.224,0.00
Building.1225,2002.504,1722.347,20.918,16.789,17.992,15.00
Building.1226,1997.699,1722.026,20.918,10.307,16.555,45.00
Building.1227,1949.041,1620.037,20.918,86.825,50.138,-15.00
Building.1228,2001.209,1680.006,20.918,42.863,20.651,90.00
Building.1229,2002.175,1667.386,20.918,40.048,17.617,75.00
Building.123,1897.812,2465.763,20.918,11.906,6.949,-90.00
Building.1230,1985.666,1674.173,20.918,75.695,43.912,-150.00
Building.1231,1956.014,1670.030,20.918,32.296,37.042,-135.00
Building.1232,1962.122,1676.555,20.918,42.332,47.969,-135.00
Building.1233,1956.786,1702.972,20.918,26.064,8.681,-90.00
Building.1234,1987.310,1639.102,20.918,63.696,18.465,45.00
Building.1235,1997.281,1622.577,20.918,15.875,21.307,15.00
Building.1236,2009.141,1619.719,20.918,21.591,33.304,-60.00
Building.1237,1944.802,1633.493,20.918,32.269,41.919,-105.00
Building.1238,1931.481,1691.092,20.918,11.865,21.018,-45.00
Building.1239,1933.888,1668.592,20.918,8.690,14.817,-45.00
Building.124,1911.128,2442.777,20.918,12.459,8.724,-105.00
Building.1240,1928.895,1682.399,20.918,20.340,44.301,-15.00
Building.1241,1927.737,1652.524,20.918,21.530,16.150,60.00
Building.1242,2006.302,1610.653,20.918,33.210,39.998,-120.00
Building.1243,1915.974,1646.013,20.918,13.297,24.537,-15.00
Building.1244,1936.039,1638.991,20.918,8.183,22.714,165.00
Building.1245,1974.813,1631.990,20.918,9.260,11.575,165.00
Building.1246,1986.296,1629.194,20.918,6.945,10.583,-180.00
Building.1247,1987.705,1611.519,20.918,8.599,11.575,-180.00
Building.1248,1969.551,1615.729,20.918,7.938,9.591,-15.00
Building.1249,2054.156,1519.753,20.918,9.774,36.224,165.00
Building.125,1900.536,2441.603,20.918,4.476,7.626,-15.00
Building.1250,2058.573,1551.227,20.918,14.770,29.996,165.00
Building.1251,2037.828,1553.764,20.918,10.295,30.217,0.00
Building.1252,2041.025,1520.406,20.918,6.269,38.218,-180.00
Building.1253,2041.031,1520.174,20.918,7.087,37.408,0.00
Building.1254,2106.921,1523.345,20.918,46.667,33.092,-180.00
Building.1255,2119.703,1553.219,20.918,23.205,18.799,-120.00
Building.1256,2090.307,1547.875,20.918,16.511,22.487,15.00
Building.1257,2089.938,1550.170,20.918,12.588,24.711,-165.00
Building.1258,2122.571,1515.274,20.918,17.128,15.980,165.00
Building.1259,2127.857,1548.326,20.918,0.078,0.529,60.00
Building.126,1897.594,2465.786,20.918,12.063,5.689,90.00
Building.1260,2070.271,1545.517,20.918,15.123,36.513,-15.00
Building.1261,2071.733,1514.465,20.918,18.080,21.069,15.00
Building.1262,2071.093,1516.257,20.918,10.398,21.824,-165.00
Building.1263,2303.278,1473.408,20.918,69.731,107.887,-75.00
Building.1264,2340.115,1476.230,20.918,35.604,94.232,-165.00
Building.1265,2181.386,1465.291,20.918,27.577,74.613,-165.00
Building.1266,2127.225,1487.925,20.918,16.531,22.454,0.00
Building.1267,2162.514,1486.964,20.918,11.904,27.112,-180.00
Building.1268,2141.361,1487.398,20.918,11.971,24.734,0.00
Building.1269,2143.151,1461.841,20.918,39.516,18.943,75.00
Building.127,1955.811,2444.390,20.918,63.831,24.804,-105.00
Building.1270,2141.912,1445.376,20.918,42.197,25.906,75.00
Building.1271,2144.491,1444.649,20.918,43.825,23.412,-105.00
Building.1272,2147.709,1430.588,20.918,54.748,22.093,-105.00
Building.1273,2142.464,1420.208,20.918,46.326,26.023,-105.00
Building.1274,2128.508,1389.211,20.918,24.728,29.489,-105.00
Building.1275,2222.263,1226.954,20.918,43.466,36.165,120.00
Building.1276,2239.658,1236.126,20.918,0.295,0.661,30.00
Building.1277,2154.151,1335.190,20.918,21.368,24.474,30.00
Building.1278,2175.816,1330.266,20.918,18.231,16.048,105.00
Building.1279,2179.346,1311.416,20.918,32.630,29.091,120.00
Building.128,2026.125,2442.250,20.918,8.930,9.591,165.00
Building.1280,1784.850,2384.143,20.918,20.869,11.571,-135.00
Building.1281,1369.927,2422.622,20.918,15.875,40.942,-15.00
Building.1282,1380.037,2442.351,20.918,0.661,1.391,90.00
Building.1283,1339.605,2474.218,20.918,9.261,14.552,0.00
Building.1284,1319.251,2471.243,20.918,17.860,20.139,45.00
Building.1285,1322.811,2485.521,20.918,0.661,0.366,135.00
Building.1286,1215.614,2540.682,20.918,16.536,12.568,-105.00
Building.1287,1346.821,2463.182,20.918,19.050,15.743,-60.00
Building.1288,1347.607,2423.982,20.918,31.353,19.844,90.00
Building.1289,1317.445,2449.731,20.918,25.797,27.781,-60.00
Building.129,2026.693,2429.939,20.918,6.945,8.930,0.00
Building.1290,1279.199,2328.287,20.918,15.875,20.108,-165.00
Building.1291,1251.934,2521.438,20.918,5.821,17.462,15.00
Building.1292,1261.033,2537.159,20.918,8.467,14.288,0.00
Building.1293,1536.687,2434.871,20.918,10.054,7.937,90.00
Building.1294,1514.219,2431.284,20.918,14.817,14.288,120.00
Building.1295,1374.840,2390.552,20.918,19.579,32.809,-45.00
Building.1296,1405.995,2419.021,20.918,12.171,29.104,-15.00
Building.1297,1816.859,2241.850,20.918,19.579,12.700,-90.00
Building.1298,1792.055,2252.535,20.918,16.933,7.408,-105.00
Building.1299,1796.527,2276.130,20.918,0.575,1.059,60.00
Building.130,2025.257,2506.860,20.918,15.239,15.544,75.00
Building.1300,1792.469,2279.082,20.918,11.067,14.817,-120.00
Building.1301,1764.964,2286.939,20.918,27.517,29.104,-45.00
Building.1302,1748.124,2256.365,20.918,19.050,14.287,-120.00
Building.1303,1788.594,2229.276,20.918,12.171,12.700,0.00
Building.1304,1814.959,2256.231,20.918,31.750,27.517,120.00
Building.1305,1850.965,2226.940,20.918,13.229,26.458,165.00
Building.1306,1836.093,2221.249,20.918,10.583,12.700,-120.00
Building.1307,2363.891,2107.059,20.918,73.319,57.547,-150.00
Building.1308,2406.006,2134.232,20.918,29.279,19.052,-120.00
Building.1309,2417.160,2118.655,20.918,20.407,10.498,120.00
Building.131,2000.178,2520.295,20.918,11.906,20.505,-165.00
Building.1310,2389.688,2119.626,20.918,41.402,29.481,105.00
Building.1311,2203.523,2029.615,20.918,32.391,42.066,-150.00
Building.1312,2304.587,2084.351,20.918,65.274,74.961,105.00
Building.1313,2281.921,2083.712,20.918,28.887,73.709,-165.00
Building.1314,2299.979,2106.397,20.918,27.282,31.089,-90.00
Building.1315,2293.470,2142.500,20.918,30.769,22.490,-75.00
Building.1316,2370.323,2203.874,20.918,30.427,16.973,105.00
Building.1317,2318.488,2063.808,20.918,21.976,22.408,120.00
Building.1318,2296.846,2130.644,20.918,29.766,20.653,-75.00
Building.1319,2213.549,2103.616,20.918,105.729,43.462,105.00
Building.132,2016.837,2526.999,20.918,38.696,18.588,135.00
Building.1320,2215.333,2086.975,20.918,104.870,32.354,90.00
Building.1321,2274.476,2065.747,20.918,21.611,49.148,-165.00
Building.1322,2207.078,2065.719,20.918,72.407,29.884,105.00
Building.1323,2207.735,2065.877,20.918,68.130,30.427,-75.00
Building.1324,2264.235,2071.855,20.918,28.798,38.212,-165.00
Building.1325,2256.925,2032.875,20.918,34.988,22.663,120.00
Building.1326,2230.938,2043.558,20.918,34.409,34.873,-135.00
Building.1327,2204.493,2027.675,20.918,31.191,39.606,30.00
Building.1328,2148.193,1990.234,20.918,69.453,45.817,-150.00
Building.1329,2128.928,2080.782,20.918,28.300,17.859,-60.00
Building.133,2010.615,2523.333,20.918,23.888,12.237,-75.00
Building.1330,2138.390,2059.815,20.918,30.085,26.968,120.00
Building.1331,2105.792,2059.903,20.918,21.828,22.490,30.00
Building.1332,2100.304,2022.646,20.918,28.801,35.088,30.00
Building.1333,2090.179,2035.907,20.918,41.031,45.600,-150.00
Building.1334,2065.196,2027.116,20.918,33.734,39.267,30.00
Building.1335,2141.791,2047.907,20.918,32.400,25.817,120.00
Building.1336,2149.321,2029.806,20.918,37.370,34.173,120.00
Building.1337,2115.377,2024.724,20.918,19.792,26.108,15.00
Building.1338,2097.357,2054.393,20.918,30.311,25.958,-150.00
Building.1339,2147.632,2028.922,20.918,40.540,35.598,-60.00
Building.134,2022.473,2524.270,20.918,15.214,9.790,-135.00
Building.1340,2157.188,2009.684,20.918,35.881,27.718,-60.00
Building.1341,2107.909,1994.248,20.918,25.170,31.439,30.00
Building.1342,2122.768,2003.126,20.918,23.585,29.529,15.00
Building.1343,2114.486,1982.265,20.918,43.181,50.813,-135.00
Building.1344,2389.705,2037.676,20.918,29.765,27.120,135.00
Building.1345,2389.180,2023.545,20.918,21.144,22.366,-135.00
Building.1346,2381.411,2015.315,20.918,20.211,22.741,-135.00
Building.1347,2407.371,1980.280,20.918,24.005,17.765,120.00
Building.1348,2401.220,1986.275,20.918,22.161,18.301,135.00
Building.1349,2342.351,2059.162,20.918,19.182,18.521,-60.00
Building.135,2087.143,2434.208,20.918,25.771,9.167,90.00
Building.1350,2488.520,2026.929,20.918,75.479,68.368,-60.00
Building.1351,2415.405,2091.249,20.918,23.090,23.293,30.00
Building.1352,2457.661,2115.917,20.918,26.339,23.446,-135.00
Building.1353,2442.860,2107.223,20.918,25.170,24.520,-150.00
Building.1354,2414.962,2091.920,20.918,21.888,22.804,-150.00
Building.1355,2471.567,2099.748,20.918,33.068,27.923,-135.00
Building.1356,2435.828,2081.905,20.918,52.159,30.061,120.00
Building.1357,2429.584,2046.841,20.918,30.317,30.697,-165.00
Building.1358,2468.067,2070.356,20.918,46.860,29.273,-60.00
Building.1359,2435.391,2059.144,20.918,33.405,31.088,120.00
Building.136,2073.818,2512.668,20.918,66.443,60.325,0.00
Building.1360,2446.929,2050.054,20.918,15.363,14.432,30.00
Building.1361,2437.371,2044.779,20.918,15.508,15.688,30.00
Building.1362,2447.579,2057.561,20.918,12.803,11.432,120.00
Building.1363,2486.711,2056.272,20.918,25.748,24.633,30.00
Building.1364,2449.669,2018.917,20.918,35.828,36.234,120.00
Building.1365,2466.092,2043.400,20.918,23.487,24.084,-135.00
Building.1366,2466.043,2043.453,20.918,20.608,21.638,45.00
Building.1367,2473.766,2048.384,20.918,17.939,21.471,30.00
Building.1368,2486.338,2056.770,20.918,17.815,20.569,-150.00
Building.1369,2514.321,1962.938,20.918,38.365,43.656,30.00
Building.137,2068.618,2528.477,20.918,20.532,16.106,45.00
Building.1370,2486.326,1962.739,20.918,23.934,24.569,-150.00
Building.1371,2495.594,1966.976,20.918,22.766,27.994,-150.00
Building.1372,2508.859,1971.488,20.918,29.412,37.042,-150.00
Building.1373,2491.704,2029.238,20.918,29.104,22.631,120.00
Building.1374,2492.587,2029.878,20.918,26.968,20.902,-60.00
Building.1375,2463.556,1971.992,20.918,24.558,22.986,45.00
Building.1376,2448.427,2003.610,20.918,13.229,12.899,30.00
Building.1377,2463.776,1997.809,20.918,29.766,26.016,-45.00
Building.1378,2488.304,1978.324,20.918,25.979,17.765,135.00
Building.1379,2565.147,1979.285,20.918,0.957,1.323,45.00
Building.138,2064.689,2520.208,20.918,14.288,24.404,-90.00
Building.1380,2558.303,1987.374,20.918,22.194,23.151,-135.00
Building.1381,2544.918,2003.157,20.918,19.182,15.875,-135.00
Building.1382,2590.172,1923.362,20.918,59.531,37.703,45.00
Building.1383,2403.598,1913.788,20.918,24.606,71.261,-165.00
Building.1384,2543.232,1914.583,20.918,20.505,41.396,-165.00
Building.1385,2542.903,1916.231,20.918,11.906,18.521,-165.00
Building.1386,2523.760,1913.694,20.918,10.621,42.456,0.00
Building.1387,2515.242,1912.665,20.918,12.024,42.658,0.00
Building.1388,2500.493,1911.060,20.918,27.391,43.698,15.00
Building.1389,2488.070,1909.012,20.918,19.684,43.241,15.00
Building.139,2064.767,2484.752,20.918,26.589,11.906,105.00
Building.1390,2477.355,1907.947,20.918,19.757,44.268,15.00
Building.1391,2368.620,1909.869,20.918,15.728,32.411,-165.00
Building.1392,2376.102,1918.054,20.918,11.939,55.146,-180.00
Building.1393,2355.379,1888.094,20.918,19.677,20.665,-30.00
Building.1394,2477.699,1906.383,20.918,17.629,39.370,-165.00
Building.1395,2461.995,1907.490,20.918,24.196,46.067,-165.00
Building.1396,2434.002,1903.951,20.918,18.625,45.952,15.00
Building.1397,2434.763,1899.130,20.918,14.355,34.887,-165.00
Building.1398,2423.130,1914.786,20.918,26.179,69.489,-180.00
Building.1399,2411.062,1879.523,20.918,16.853,14.633,90.00
Building.140,2116.283,2455.518,20.918,44.769,48.499,30.00
Building.1400,2400.250,1937.196,20.918,15.804,23.968,-165.00
Building.1401,2403.085,1917.377,20.918,10.716,18.336,-165.00
Building.1402,2388.592,1927.576,20.918,21.014,51.526,-120.00
Building.1403,2378.283,1890.577,20.918,21.140,21.267,0.00
Building.1404,2730.997,1809.851,20.918,31.750,28.443,45.00
Building.1405,2664.768,1785.857,20.918,42.333,65.485,-15.00
Building.1406,2725.221,1752.957,20.918,29.646,29.723,120.00
Building.1407,2753.649,1730.163,20.918,26.647,30.321,-150.00
Building.1408,2714.385,1745.848,20.918,55.563,37.587,-60.00
Building.1409,2717.817,1719.009,20.918,27.538,31.089,-165.00
Building.141,2105.821,2453.046,20.918,21.431,37.799,-60.00
Building.1410,2717.857,1718.881,20.918,18.206,29.685,15.00
Building.1411,2738.094,1724.393,20.918,15.227,29.562,-165.00
Building.1412,1509.055,2361.548,20.918,39.687,20.637,-105.00
Building.1413,2113.417,2135.286,20.918,26.866,19.389,105.00
Building.1414,2041.638,2151.556,20.918,26.542,37.158,0.00
Building.1415,2080.691,2135.131,20.918,35.998,22.931,30.00
Building.1416,2071.602,2091.059,20.918,15.875,13.493,75.00
Building.1417,2019.163,2106.066,20.918,28.126,23.829,-105.00
Building.1418,2015.967,2140.902,20.918,20.552,30.999,-15.00
Building.1419,2017.679,2106.420,20.918,23.570,21.242,75.00
Building.142,2084.788,2475.254,20.918,24.210,9.305,-90.00
Building.1420,2016.274,2070.671,20.918,31.931,19.533,105.00
Building.1421,1729.074,2350.409,20.918,11.113,14.817,-150.00
Building.1422,1723.986,2302.369,20.918,12.700,14.288,15.00
Building.1423,1712.101,2287.527,20.918,16.404,11.113,-60.00
Building.1424,1825.203,2327.963,20.918,0.618,0.529,60.00
Building.1425,1814.655,2327.730,20.918,18.432,14.288,45.00
Building.1426,1632.425,2409.272,20.918,9.525,13.229,0.00
Building.1427,1610.922,2411.209,20.918,11.112,12.171,-15.00
Building.1428,1624.397,2350.755,20.918,12.700,10.054,-105.00
Building.1429,1627.203,2263.402,20.918,9.525,23.283,0.00
Building.143,2085.431,2457.111,20.918,25.073,10.514,90.00
Building.1430,1601.866,2286.798,20.918,9.251,21.167,0.00
Building.1431,1609.854,2285.490,20.918,8.787,18.998,0.00
Building.1432,1629.974,2281.507,20.918,15.165,17.539,150.00
Building.1433,1610.116,2268.520,20.918,8.360,15.083,0.00
Building.1434,1641.118,2285.098,20.918,20.637,11.356,-105.00
Building.1435,1621.789,2260.405,20.918,10.529,24.154,75.00
Building.1436,1586.322,2282.698,20.918,15.875,16.934,-60.00
Building.1437,1433.966,2439.946,20.918,12.592,23.374,-15.00
Building.1438,1478.639,2411.832,20.918,21.167,10.167,-90.00
Building.1439,1460.436,2416.499,20.918,17.080,14.287,30.00
Building.144,2063.497,2458.484,20.918,11.513,18.653,-15.00
Building.1440,1479.400,2420.514,20.918,20.570,10.763,-105.00
Building.1441,1429.154,2407.225,20.918,14.530,19.927,-15.00
Building.1442,1457.184,2421.986,20.918,21.453,16.314,-150.00
Building.1443,1454.451,2405.763,20.918,23.414,16.851,165.00
Building.1444,1431.455,2422.869,20.918,13.113,14.971,-15.00
Building.1445,1449.818,2432.965,20.918,11.473,14.198,-150.00
Building.1446,1499.762,2435.009,20.918,20.108,25.400,180.00
Building.1447,1522.825,2401.255,20.918,34.396,39.688,-135.00
Building.1448,1461.546,2376.712,20.918,21.696,20.108,-120.00
Building.1449,1486.195,2303.764,20.918,10.974,23.591,180.00
Building.145,2086.217,2449.146,20.918,25.253,8.742,90.00
Building.1450,1509.771,2299.939,20.918,13.997,21.913,150.00
Building.1451,1493.449,2302.381,20.918,10.418,22.521,0.00
Building.1452,1493.466,2302.519,20.918,9.691,22.725,180.00
Building.1453,1428.698,2302.764,20.918,14.067,20.412,180.00
Building.1454,1425.736,2338.389,20.918,14.568,9.914,75.00
Building.1455,1433.815,2345.635,20.918,0.125,1.058,90.00
Building.1456,1426.744,2338.156,20.918,14.298,13.471,-105.00
Building.1457,1430.542,2318.286,20.918,13.997,15.543,180.00
Building.1458,1393.812,2328.068,20.918,17.547,15.984,-90.00
Building.1459,1403.877,2345.001,20.918,15.346,13.229,180.00
Building.146,2066.104,2428.927,20.918,19.498,38.798,90.00
Building.1460,1395.356,2327.889,20.918,15.142,12.236,90.00
Building.1461,1383.379,2326.240,20.918,17.846,17.728,120.00
Building.1462,1371.336,2314.101,20.918,16.436,27.283,-15.00
Building.1463,1398.434,2304.942,20.918,14.893,15.749,165.00
Building.1464,1199.892,2433.205,20.918,22.754,19.050,0.00
Building.1465,1114.100,2462.872,20.918,22.754,22.754,135.00
Building.1466,1108.975,2406.789,20.918,15.875,13.758,120.00
Building.1467,1097.367,2397.761,20.918,7.938,25.929,0.00
Building.1468,1067.549,2451.890,20.918,7.938,16.933,0.00
Building.1469,1064.056,2410.496,20.918,8.467,17.463,0.00
Building.147,2083.986,2420.465,20.918,13.360,18.294,120.00
Building.1470,1068.001,2387.744,20.918,6.879,12.171,180.00
Building.1471,972.612,2321.494,20.918,12.171,11.642,-165.00
Building.1472,948.512,2323.343,20.918,9.525,13.758,180.00
Building.1473,1094.191,2238.604,20.918,16.933,24.342,90.00
Building.1474,1043.787,2267.046,20.918,20.108,16.933,-180.00
Building.1475,914.439,2180.971,20.918,47.170,50.009,75.00
Building.1476,878.489,2150.916,20.918,24.723,46.022,-15.00
Building.1477,886.274,2098.065,20.918,20.429,22.600,165.00
Building.1478,881.776,2126.990,20.918,20.050,16.722,-90.00
Building.1479,945.945,2080.939,20.918,127.369,35.983,75.00
Building.148,2086.422,2449.154,20.918,25.418,6.637,-90.00
Building.1480,1009.484,2082.787,20.918,20.040,25.475,-15.00
Building.1481,1021.063,2126.228,20.918,20.655,38.681,-15.00
Building.1482,1029.469,2097.092,20.918,14.611,15.157,165.00
Building.1483,1017.103,2100.608,20.918,12.715,14.907,-165.00
Building.1484,2029.205,2009.319,20.918,20.638,43.846,-180.00
Building.1485,2641.784,1486.442,20.918,19.088,52.917,180.00
Building.1486,2690.511,1451.469,20.918,79.137,37.216,180.00
Building.1487,2702.135,1488.390,20.918,15.585,36.098,0.00
Building.1488,2671.343,1490.021,20.918,14.348,39.944,180.00
Building.1489,2687.268,1489.036,20.918,17.605,38.756,180.00
Building.149,2094.787,2426.516,20.918,13.457,11.711,120.00
Building.1490,2687.275,1489.148,20.918,17.157,37.355,0.00
Building.1491,2726.942,1487.540,20.918,12.707,34.977,-180.00
Building.1492,2578.253,1501.257,20.918,14.925,27.092,180.00
Building.1493,2553.860,1497.634,20.918,11.682,36.188,0.00
Building.1494,2570.623,1488.189,20.918,14.387,9.465,-90.00
Building.1495,2593.368,1487.585,20.918,11.195,9.211,-90.00
Building.1496,2583.042,1487.859,20.918,10.642,9.285,-90.00
Building.1497,2611.843,1500.358,20.918,12.734,26.828,0.00
Building.1498,2611.843,1500.380,20.918,13.355,26.895,180.00
Building.1499,2599.166,1500.767,20.918,11.679,26.919,180.00
Building.150,2306.098,1886.923,20.918,66.176,31.833,-75.00
Building.1500,2578.258,1501.376,20.918,10.548,26.915,0.00
Building.1501,2641.838,1487.818,20.918,16.511,48.046,0.00
Building.1502,2612.420,1474.644,20.918,25.445,27.118,-135.00
Building.1503,2707.736,1432.719,20.918,39.272,11.284,90.00
Building.1504,2708.522,1443.470,20.918,38.056,11.121,90.00
Building.1505,2469.670,1476.314,20.918,50.403,22.161,-75.00
Building.1506,2518.081,1494.414,20.918,34.131,62.195,165.00
Building.1507,2515.272,1484.320,20.918,25.613,83.741,-15.00
Building.1508,2542.244,1494.238,20.918,14.494,52.720,165.00
Building.1509,2468.248,1522.986,20.918,13.861,23.892,165.00
Building.151,2249.115,1996.679,20.918,49.213,27.736,105.00
Building.1510,2477.455,1519.889,20.918,14.684,21.585,165.00
Building.1511,2486.242,1516.258,20.918,17.065,26.988,150.00
Building.1512,2497.582,1508.627,20.918,22.397,39.688,165.00
Building.1513,2484.508,1443.078,20.918,56.530,21.752,105.00
Building.1514,2490.097,1435.420,20.918,57.207,19.236,105.00
Building.1515,2438.139,1539.686,20.918,37.470,12.617,-75.00
Building.1516,2442.374,1507.499,20.918,28.826,13.600,105.00
Building.1517,2459.960,1518.136,20.918,18.509,19.423,45.00
Building.1518,2438.601,1518.749,20.918,30.892,11.596,90.00
Building.1519,2457.185,1499.088,20.918,49.221,16.436,105.00
Building.152,2267.170,1979.268,20.918,70.483,49.020,120.00
Building.1520,2463.754,1488.589,20.918,53.301,20.072,105.00
Building.1521,2468.492,1475.973,20.918,53.344,24.401,105.00
Building.1522,2475.472,1454.284,20.918,49.614,18.334,105.00
Building.1523,2513.697,1355.150,20.918,50.496,29.664,-75.00
Building.1524,2517.575,1400.472,20.918,38.483,20.382,105.00
Building.1525,2484.063,1407.967,20.918,27.795,13.721,105.00
Building.1526,2485.213,1408.263,20.918,31.006,18.236,-75.00
Building.1527,2509.474,1414.510,20.918,29.735,8.929,105.00
Building.1528,2505.977,1385.591,20.918,60.976,26.744,105.00
Building.1529,2504.757,1385.203,20.918,56.449,28.152,-75.00
Building.153,2267.060,1979.215,20.918,69.722,48.194,-60.00
Building.1530,2506.036,1374.910,20.918,53.285,24.726,-75.00
Building.1531,2519.716,1348.676,20.918,18.448,16.702,45.00
Building.1532,2601.374,1447.203,20.918,37.750,12.686,-90.00
Building.1533,2562.233,1452.815,20.918,28.178,32.599,180.00
Building.1534,2572.986,1453.328,20.918,20.665,18.056,-105.00
Building.1535,2584.649,1457.098,20.918,20.950,14.906,135.00
Building.1536,2627.176,1435.007,20.918,15.081,11.404,90.00
Building.1537,2643.957,1443.374,20.918,16.727,11.906,-120.00
Building.1538,2605.246,1453.465,20.918,28.178,19.470,75.00
Building.1539,2710.662,1347.449,20.918,25.767,25.452,0.00
Building.154,2275.130,1958.301,20.918,69.829,42.713,-75.00
Building.1540,2709.170,1403.477,20.918,44.725,24.606,90.00
Building.1541,2691.081,1410.860,20.918,59.689,14.684,135.00
Building.1542,2671.021,1388.752,20.918,23.065,16.547,90.00
Building.1543,2715.385,1403.853,20.918,32.458,8.352,-90.00
Building.1544,2715.604,1382.366,20.918,33.354,15.939,90.00
Building.1545,2702.870,1390.833,20.918,11.510,14.379,-150.00
Building.1546,2721.195,1382.024,20.918,26.673,22.331,-90.00
Building.1547,2708.361,1372.380,20.918,13.920,23.019,-180.00
Building.1548,2689.339,1388.822,20.918,13.891,6.747,-90.00
Building.1549,2666.571,1373.856,20.918,9.766,30.662,0.00
Building.155,2288.338,1924.115,20.918,66.403,39.972,120.00
Building.1550,2696.773,1359.437,20.918,12.792,45.615,165.00
Building.1551,2695.193,1349.846,20.918,18.309,23.759,-15.00
Building.1552,2675.183,1363.685,20.918,9.161,51.136,0.00
Building.1553,2665.555,1358.272,20.918,18.759,25.685,-60.00
Building.1554,2666.527,1373.179,20.918,9.959,30.331,180.00
Building.1555,2552.679,1366.084,20.918,18.053,42.264,0.00
Building.1556,2601.775,1359.873,20.918,15.233,36.213,0.00
Building.1557,2640.339,1370.460,20.918,11.529,60.094,-180.00
Building.1558,2606.788,1411.365,20.918,11.698,22.539,0.00
Building.1559,2641.114,1421.905,20.918,22.736,21.861,-90.00
Building.156,2282.997,1921.678,20.918,50.656,28.682,-60.00
Building.1560,2629.571,1411.302,20.918,11.202,22.192,-180.00
Building.1561,2650.090,1385.608,20.918,11.514,29.119,180.00
Building.1562,2648.152,1355.680,20.918,8.856,31.241,180.00
Building.1563,2615.062,1391.793,20.918,29.217,16.805,120.00
Building.1564,2186.888,1298.774,20.918,31.551,28.673,120.00
Building.1565,2689.915,1799.251,20.918,38.717,23.437,45.00
Building.1566,2694.984,1752.117,20.918,31.251,35.057,-30.00
Building.1567,2713.251,1770.927,20.918,28.835,26.458,120.00
Building.1568,2685.023,1760.639,20.918,29.765,38.576,-45.00
Building.1569,2645.777,1840.703,20.918,50.271,10.583,-90.00
Building.157,2287.740,1912.102,20.918,52.891,26.567,-75.00
Building.1570,2616.673,1871.791,20.918,57.547,29.104,-45.00
Building.1571,2609.277,1891.617,20.918,31.672,13.378,-75.00
Building.1572,2639.186,1887.509,20.918,28.513,21.828,-135.00
Building.1573,2584.727,1870.241,20.918,23.151,33.844,30.00
Building.1574,2627.939,1789.222,20.918,19.239,22.145,15.00
Building.1575,2633.435,1814.682,20.918,25.828,14.766,-75.00
Building.1576,2645.357,1768.103,20.918,18.846,21.059,165.00
Building.1577,2652.610,1790.111,20.918,14.027,21.852,165.00
Building.1578,2658.740,1808.455,20.918,18.687,16.881,165.00
Building.1579,2301.190,1714.289,20.918,37.997,29.622,-60.00
Building.158,2295.074,1893.490,20.918,53.736,22.820,105.00
Building.1580,2259.428,1752.935,20.918,40.916,29.428,120.00
Building.1581,2269.996,1758.480,20.918,58.322,37.379,-60.00
Building.1582,2286.607,1767.196,20.918,25.430,18.402,120.00
Building.1583,2286.127,1754.151,20.918,37.169,30.581,-60.00
Building.1584,2255.385,1739.169,20.918,22.395,21.956,-60.00
Building.1585,2285.834,1721.616,20.918,56.530,35.282,-60.00
Building.1586,2285.741,1721.574,20.918,57.423,32.764,120.00
Building.1587,2312.031,1685.582,20.918,34.412,24.378,120.00
Building.1588,2275.928,1702.802,20.918,26.807,21.610,-60.00
Building.1589,2283.232,1689.192,20.918,27.372,13.134,-75.00
Building.159,2302.681,1895.863,20.918,67.040,31.052,-75.00
Building.1590,2313.935,1686.533,20.918,32.928,15.027,-60.00
Building.1591,2199.151,1771.296,20.918,41.672,25.959,90.00
Building.1592,2194.012,1820.228,20.918,14.997,25.381,-150.00
Building.1593,2191.162,1806.288,20.918,16.308,19.956,-150.00
Building.1594,2202.775,1804.358,20.918,16.565,14.132,-150.00
Building.1595,2376.366,1810.358,20.918,11.638,23.320,-165.00
Building.1596,2399.895,1820.443,20.918,30.500,70.040,15.00
Building.1597,2411.348,1857.164,20.918,0.661,0.737,105.00
Building.1598,2382.284,1828.716,20.918,25.746,48.237,15.00
Building.1599,2383.955,1821.412,20.918,18.427,63.671,-165.00
Building.160,2311.066,1876.080,20.918,66.343,26.005,-75.00
Building.1600,2402.940,1801.974,20.918,8.045,11.723,-180.00
Building.1601,2395.913,1788.362,20.918,15.272,8.081,90.00
Building.1602,2387.933,1801.150,20.918,7.876,10.982,0.00
Building.1603,2363.732,1832.258,20.918,26.713,26.655,135.00
Building.1604,2292.911,1828.385,20.918,21.671,26.451,30.00
Building.1605,2306.220,1832.260,20.918,13.536,23.498,15.00
Building.1606,2316.444,1835.012,20.918,10.282,21.091,0.00
Building.1607,2335.889,1834.632,20.918,12.434,25.888,-165.00
Building.1608,2335.388,1837.236,20.918,12.183,19.844,15.00
Building.1609,2347.045,1836.552,20.918,5.292,23.151,-180.00
Building.161,2345.417,2002.572,20.918,47.597,40.285,135.00
Building.1610,2307.398,1820.992,20.918,22.115,15.343,-75.00
Building.1611,2317.333,1806.965,20.918,28.213,14.968,-60.00
Building.1612,2314.512,1805.548,20.918,23.470,15.402,120.00
Building.1613,2368.701,1792.824,20.918,20.405,10.740,75.00
Building.1614,2365.193,1825.188,20.918,8.599,15.772,-180.00
Building.1615,2347.100,1820.328,20.918,13.229,16.537,-15.00
Building.1616,2329.919,1814.718,20.918,20.505,14.136,135.00
Building.1617,2344.417,1810.937,20.918,34.318,24.714,-90.00
Building.1618,2355.808,1804.469,20.918,16.045,20.745,15.00
Building.1619,2373.884,1828.591,20.918,10.613,22.223,-165.00
Building.162,2375.498,1963.989,20.918,50.271,36.666,120.00
Building.1620,2201.991,1709.998,20.918,51.763,57.798,-15.00
Building.1621,2244.915,1731.403,20.918,31.589,52.049,-150.00
Building.1622,2260.993,1694.699,20.918,22.535,25.505,-165.00
Building.1623,2216.637,1756.687,20.918,22.510,20.095,-90.00
Building.1624,2189.425,1743.950,20.918,28.145,21.167,75.00
Building.1625,2188.983,1744.106,20.918,25.287,18.697,-105.00
Building.1626,2182.175,1715.664,20.918,24.784,20.574,75.00
Building.1627,2182.636,1715.529,20.918,23.574,19.629,-105.00
Building.1628,2178.976,1700.414,20.918,22.525,12.639,-90.00
Building.1629,2190.048,1701.206,20.918,14.508,24.858,-15.00
Building.163,2359.752,1986.771,20.918,48.286,37.642,-60.00
Building.1630,2149.488,1854.512,20.918,62.971,26.658,-75.00
Building.1631,2137.909,1883.036,20.918,37.435,45.508,0.00
Building.1632,2151.597,1868.872,20.918,37.574,22.775,-75.00
Building.1633,2132.283,1850.337,20.918,16.807,16.066,105.00
Building.1634,2101.647,1934.727,20.918,10.583,7.408,-90.00
Building.1635,2063.699,1993.801,20.918,22.145,19.718,135.00
Building.1636,2056.314,2016.522,20.918,13.923,14.282,-135.00
Building.1637,2074.394,1991.434,20.918,19.865,22.477,-150.00
Building.1638,2045.978,1980.221,20.918,14.441,29.243,0.00
Building.1639,2044.268,1946.014,20.918,8.322,39.704,0.00
Building.164,2351.320,1996.752,20.918,47.069,38.751,-60.00
Building.1640,2084.960,1976.511,20.918,18.040,21.126,-150.00
Building.1641,2082.676,1899.312,20.918,28.332,33.421,-120.00
Building.1642,2101.320,1892.254,20.918,32.809,32.838,0.00
Building.1643,2100.803,1900.520,20.918,7.226,18.115,-180.00
Building.1644,2083.421,1898.789,20.918,18.355,19.874,60.00
Building.1645,2049.485,1865.415,20.918,6.966,88.900,-180.00
Building.1646,2053.673,1899.792,20.918,29.104,18.521,45.00
Building.1647,2102.060,1877.956,20.918,28.113,17.058,-105.00
Building.1648,2088.132,1835.813,20.918,10.885,17.229,0.00
Building.1649,2101.579,1864.969,20.918,23.833,15.833,-105.00
Building.165,2346.521,2003.486,20.918,43.338,36.509,-45.00
Building.1650,2099.553,1851.963,20.918,21.643,10.050,-90.00
Building.1651,2106.789,1835.311,20.918,9.600,14.965,165.00
Building.1652,2059.642,1857.560,20.918,14.288,16.404,-150.00
Building.1653,2056.893,1838.427,20.918,16.036,25.416,-15.00
Building.1654,2072.356,1836.126,20.918,10.155,22.876,0.00
Building.1655,2072.337,1836.322,20.918,8.861,23.920,-180.00
Building.1656,2080.537,1836.139,20.918,8.723,19.853,0.00
Building.1657,2069.064,1860.652,20.918,19.680,30.753,15.00
Building.1658,2059.830,1889.307,20.918,12.171,29.633,-165.00
Building.1659,2068.634,1883.055,20.918,18.425,27.035,-135.00
Building.166,2331.341,2022.986,20.918,47.556,36.370,-60.00
Building.1660,2077.242,1870.324,20.918,16.664,18.614,15.00
Building.1661,2079.807,1854.941,20.918,10.479,22.747,15.00
Building.1662,2049.089,1715.664,20.918,16.077,33.685,105.00
Building.1663,2079.384,1754.887,20.918,33.895,17.418,90.00
Building.1664,2050.524,1758.079,20.918,26.661,14.547,90.00
Building.1665,2045.945,1758.586,20.918,13.495,13.751,-90.00
Building.1666,2081.561,1754.647,20.918,27.036,12.149,-90.00
Building.1667,2057.830,1749.924,20.918,14.230,12.544,15.00
Building.1668,2057.272,1752.241,20.918,7.980,12.701,-165.00
Building.1669,2076.729,1720.267,20.918,24.225,11.866,75.00
Building.167,1737.776,2021.318,20.918,78.052,30.427,-105.00
Building.1670,2075.421,1711.727,20.918,22.388,13.144,-105.00
Building.1671,2076.705,1720.271,20.918,23.062,12.140,-105.00
Building.1672,2079.473,1736.663,20.918,25.849,9.007,90.00
Building.1673,2078.283,1729.299,20.918,24.965,9.085,90.00
Building.1674,2053.198,1738.227,20.918,28.218,8.778,90.00
Building.1675,2065.613,1725.300,20.918,12.092,24.625,180.00
Building.1676,2054.644,1704.189,20.918,18.132,13.804,75.00
Building.1677,2126.933,1666.607,20.918,51.190,48.684,-90.00
Building.1678,2089.732,1674.368,20.918,18.949,24.849,-30.00
Building.1679,2096.445,1644.147,20.918,23.283,11.642,90.00
Building.168,1751.125,2089.904,20.918,47.625,19.183,-105.00
Building.1680,2124.775,1581.022,20.918,23.050,20.746,-105.00
Building.1681,2128.926,1622.868,20.918,27.219,19.076,-105.00
Building.1682,2104.871,1617.932,20.918,9.525,17.554,0.00
Building.1683,2089.467,1613.438,20.918,16.404,15.875,90.00
Building.1684,2087.715,1597.854,20.918,18.844,17.992,75.00
Building.1685,2118.264,1608.658,20.918,40.933,36.567,90.00
Building.1686,2120.363,1592.957,20.918,33.858,15.971,-105.00
Building.1687,2084.074,1571.899,20.918,21.212,18.604,75.00
Building.1688,2088.666,1597.696,20.918,20.108,13.828,-105.00
Building.1689,2095.090,1577.056,20.918,8.620,17.597,-15.00
Building.169,1754.331,2128.900,20.918,35.697,19.431,75.00
Building.1690,2097.037,1590.667,20.918,6.728,11.760,-15.00
Building.1691,2113.442,1574.097,20.918,12.873,18.850,165.00
Building.1692,1949.106,1715.469,20.918,29.104,10.054,90.00
Building.1693,2014.597,1792.947,20.918,22.032,15.393,-90.00
Building.1694,2011.322,1797.928,20.918,27.449,7.893,-75.00
Building.1695,2017.142,1798.881,20.918,17.462,8.467,105.00
Building.1696,1994.912,1780.963,20.918,18.803,15.875,75.00
Building.1697,2009.522,1778.198,20.918,30.809,10.054,-90.00
Building.1698,2569.196,1848.008,20.918,25.184,20.246,-45.00
Building.1699,2573.976,1839.782,20.918,28.752,15.061,-75.00
Building.170,1751.517,2117.327,20.918,34.093,17.507,75.00
Building.1700,2423.959,1843.413,20.918,13.375,39.961,15.00
Building.1701,2565.632,1873.921,20.918,21.944,18.521,-150.00
Building.1702,2546.555,1861.616,20.918,19.956,32.535,15.00
Building.1703,2545.132,1865.547,20.918,19.785,28.535,-165.00
Building.1704,2548.522,1833.424,20.918,11.245,19.554,-165.00
Building.1705,2528.868,1847.533,20.918,22.584,56.436,15.00
Building.1706,2528.704,1848.090,20.918,26.655,57.734,-165.00
Building.1707,2512.396,1862.722,20.918,14.887,24.643,-165.00
Building.1708,2501.868,1864.141,20.918,3.969,17.390,-165.00
Building.1709,2487.985,1855.965,20.918,13.803,32.487,0.00
Building.171,1746.294,2101.315,20.918,15.875,9.260,75.00
Building.1710,2488.017,1855.687,20.918,11.280,31.591,-180.00
Building.1711,2466.914,1853.130,20.918,16.264,31.831,15.00
Building.1712,2458.047,1860.455,20.918,10.027,14.233,15.00
Building.1713,2504.202,1808.746,20.918,40.158,32.066,105.00
Building.1714,2473.742,1814.659,20.918,10.319,29.045,15.00
Building.1715,2441.916,1804.613,20.918,27.656,25.532,0.00
Building.1716,2465.067,1813.044,20.918,13.254,31.095,15.00
Building.1717,2456.584,1819.534,20.918,9.611,8.996,-15.00
Building.1718,2458.849,1806.201,20.918,18.510,21.099,-90.00
Building.1719,2453.913,1844.102,20.918,14.157,45.171,15.00
Building.172,1631.526,2209.885,20.918,52.255,23.813,-105.00
Building.1720,2442.974,1814.138,20.918,30.338,26.155,90.00
Building.1721,2453.427,1847.297,20.918,12.835,39.410,-165.00
Building.1722,2445.625,1846.070,20.918,8.927,39.511,-180.00
Building.1723,2432.667,1844.745,20.918,9.912,39.866,0.00
Building.1724,2462.239,1739.973,20.918,17.329,40.750,-165.00
Building.1725,2620.504,1775.363,20.918,15.346,25.586,-165.00
Building.1726,2600.980,1773.893,20.918,10.725,26.794,0.00
Building.1727,2611.406,1799.113,20.918,15.213,23.522,-150.00
Building.1728,2581.707,1783.822,20.918,19.247,52.123,15.00
Building.1729,2592.526,1791.602,20.918,14.395,64.819,0.00
Building.173,1583.750,2211.575,20.918,14.552,21.167,-15.00
Building.1730,2580.783,1820.358,20.918,17.490,15.064,-75.00
Building.1731,2512.123,1752.017,20.918,11.227,31.057,-165.00
Building.1732,2584.696,1771.363,20.918,19.585,26.172,-165.00
Building.1733,2560.185,1764.605,20.918,13.256,22.916,15.00
Building.1734,2550.564,1762.372,20.918,14.592,24.542,15.00
Building.1735,2550.542,1762.487,20.918,13.190,27.491,-165.00
Building.1736,2528.106,1758.385,20.918,17.847,30.740,15.00
Building.1737,2528.481,1756.943,20.918,15.346,30.311,-165.00
Building.1738,2496.056,1745.875,20.918,13.128,27.746,0.00
Building.1739,2512.074,1752.314,20.918,11.064,28.826,15.00
Building.174,1539.086,2212.336,20.918,68.130,24.474,75.00
Building.1740,2568.030,1816.659,20.918,13.567,10.774,-75.00
Building.1741,2579.268,1793.991,20.918,17.946,30.935,-165.00
Building.1742,2554.069,1794.266,20.918,17.388,39.446,15.00
Building.1743,2554.053,1794.347,20.918,15.848,36.266,-165.00
Building.1744,2544.786,1792.894,20.918,14.663,33.818,-165.00
Building.1745,2536.051,1786.578,20.918,10.841,22.479,-180.00
Building.1746,2526.498,1798.548,20.918,10.839,12.783,30.00
Building.1747,2524.658,1777.164,20.918,14.921,23.813,-180.00
Building.1748,2491.722,1769.826,20.918,17.463,21.937,15.00
Building.1749,2511.381,1775.479,20.918,10.822,18.900,165.00
Building.175,1532.152,2162.533,20.918,66.146,23.151,75.00
Building.1750,2508.398,1766.885,20.918,57.250,72.921,90.00
Building.1751,2479.201,1758.368,20.918,20.121,60.532,15.00
Building.1752,2465.574,1772.258,20.918,28.146,29.084,180.00
Building.1753,2449.030,1763.141,20.918,11.642,32.864,-180.00
Building.1754,2481.096,1751.079,20.918,21.314,47.664,-165.00
Building.1755,2472.435,1742.850,20.918,21.112,39.231,-165.00
Building.1756,2452.341,1716.704,20.918,13.749,12.457,105.00
Building.1757,2444.951,1746.402,20.918,14.279,10.732,-90.00
Building.1758,2448.683,1726.376,20.918,14.033,10.501,105.00
Building.1759,1992.743,1999.533,20.918,12.679,16.669,-30.00
Building.176,1582.676,2154.589,20.918,15.875,11.906,150.00
Building.1760,2012.578,2000.040,20.918,47.244,40.657,-180.00
Building.1761,2003.945,1969.359,20.918,52.581,17.808,90.00
Building.1762,2016.429,1938.188,20.918,16.511,15.487,-30.00
Building.1763,2027.156,1922.840,20.918,10.749,12.700,180.00
Building.1764,1971.634,1951.716,20.918,25.293,26.995,0.00
Building.1765,1983.162,1932.318,20.918,28.193,11.111,-90.00
Building.1766,1984.733,1963.046,20.918,21.167,9.525,90.00
Building.1767,2004.594,1930.455,20.918,19.407,14.108,90.00
Building.1768,2011.109,1945.913,20.918,12.700,12.700,120.00
Building.1769,2007.990,1919.279,20.918,10.054,11.113,-105.00
Building.177,1625.727,2156.822,20.918,64.823,25.136,-105.00
Building.1770,1998.236,1903.287,20.918,13.229,9.525,-135.00
Building.1771,1961.746,1839.948,20.918,13.502,35.166,-165.00
Building.1772,2016.038,1895.975,20.918,11.233,12.725,-30.00
Building.1773,2023.445,1892.474,20.918,8.144,14.351,-15.00
Building.1774,1986.209,1885.540,20.918,38.564,17.992,-90.00
Building.1775,1964.079,1883.286,20.918,9.453,17.662,-15.00
Building.1776,2012.093,1866.713,20.918,34.337,13.720,-90.00
Building.1777,2012.352,1853.616,20.918,33.563,18.521,-90.00
Building.1778,2007.566,1866.578,20.918,44.674,34.925,90.00
Building.1779,1972.967,1856.195,20.918,38.035,36.427,0.00
Building.178,1693.833,2091.492,20.918,19.844,10.583,75.00
Building.1780,2003.628,1841.338,20.918,50.897,15.952,90.00
Building.1781,2003.535,1830.696,20.918,50.191,10.647,90.00
Building.1782,2006.677,1830.431,20.918,44.733,11.184,-90.00
Building.1783,2008.630,1822.012,20.918,40.271,9.525,-90.00
Building.1784,1985.649,1829.643,20.918,15.763,23.688,-150.00
Building.1785,1975.463,1829.461,20.918,11.489,19.873,-165.00
Building.1786,2080.838,1963.046,20.918,51.897,62.338,-60.00
Building.1787,2082.299,1920.707,20.918,79.375,19.177,75.00
Building.1788,2107.528,1944.640,20.918,18.079,17.073,-150.00
Building.1789,2407.875,1606.677,20.918,65.951,47.249,-75.00
Building.179,1615.138,2119.523,20.918,47.625,14.552,-105.00
Building.1790,2539.551,1638.215,20.918,37.955,31.416,-75.00
Building.1791,2517.236,1663.140,20.918,23.722,38.194,15.00
Building.1792,2542.734,1670.473,20.918,13.878,18.852,-165.00
Building.1793,2527.794,1716.604,20.918,25.684,43.077,-165.00
Building.1794,2528.394,1671.514,20.918,40.758,45.962,15.00
Building.1795,2515.833,1713.553,20.918,23.449,37.630,-165.00
Building.1796,2496.371,1707.876,20.918,17.074,35.439,15.00
Building.1797,2497.267,1705.346,20.918,27.406,40.005,-165.00
Building.1798,2496.195,1678.161,20.918,18.426,14.062,120.00
Building.1799,2435.567,1683.430,20.918,29.384,34.093,-165.00
Building.180,1561.107,2130.510,20.918,34.396,20.505,-105.00
Building.1800,2410.453,1628.180,20.918,46.154,22.517,105.00
Building.1801,2371.275,1631.899,20.918,19.362,21.200,30.00
Building.1802,2365.983,1658.407,20.918,23.009,34.379,15.00
Building.1803,2359.607,1656.402,20.918,18.948,31.622,30.00
Building.1804,2377.861,1663.063,20.918,23.436,34.681,15.00
Building.1805,2402.540,1644.667,20.918,54.416,24.519,-75.00
Building.1806,2404.184,1672.541,20.918,25.949,33.953,15.00
Building.1807,2404.242,1672.390,20.918,23.125,33.910,-165.00
Building.1808,2420.826,1651.287,20.918,18.747,16.078,105.00
Building.1809,2395.451,1642.101,20.918,15.176,12.826,105.00
Building.181,1512.410,2132.090,20.918,27.781,15.213,75.00
Building.1810,2402.490,1655.605,20.918,16.328,14.174,-75.00
Building.1811,2482.059,1697.706,20.918,20.121,39.284,-165.00
Building.1812,2481.067,1664.860,20.918,22.490,22.334,30.00
Building.1813,2463.420,1692.613,20.918,23.906,35.583,30.00
Building.1814,2455.939,1679.401,20.918,25.098,51.723,15.00
Building.1815,2471.635,1679.735,20.918,16.337,31.900,-150.00
Building.1816,2455.740,1679.975,20.918,23.693,50.526,-165.00
Building.1817,2443.167,1693.428,20.918,14.805,19.506,-165.00
Building.1818,2427.987,1655.134,20.918,14.668,17.869,15.00
Building.1819,2436.895,1657.838,20.918,9.747,15.155,15.00
Building.182,1528.441,2144.810,20.918,12.965,8.466,75.00
Building.1820,2500.555,1565.050,20.918,28.161,36.499,-105.00
Building.1821,2483.581,1586.935,20.918,21.167,21.828,75.00
Building.1822,2475.705,1567.321,20.918,21.298,45.180,-15.00
Building.1823,2475.696,1567.268,20.918,23.451,44.353,165.00
Building.1824,2429.712,1566.482,20.918,49.738,36.449,-60.00
Building.1825,2412.978,1629.213,20.918,45.357,22.595,-75.00
Building.1826,2420.303,1611.385,20.918,46.611,24.414,105.00
Building.1827,2432.013,1606.204,20.918,12.208,8.335,105.00
Building.1828,2426.250,1570.397,20.918,51.427,42.733,120.00
Building.1829,2538.770,1599.753,20.918,31.750,28.672,-45.00
Building.183,1575.933,2134.474,20.918,12.965,9.260,75.00
Building.1830,2540.930,1576.666,20.918,34.417,9.650,75.00
Building.1831,2539.281,1554.726,20.918,22.405,45.685,-15.00
Building.1832,2539.243,1554.526,20.918,22.182,47.395,165.00
Building.1833,2508.725,1555.118,20.918,18.069,37.068,-15.00
Building.1834,2618.980,1716.206,20.918,34.048,66.666,-135.00
Building.1835,2620.635,1645.085,20.918,43.921,59.456,165.00
Building.1836,2572.635,1639.872,20.918,22.852,44.092,15.00
Building.1837,2585.598,1635.319,20.918,48.611,52.962,-165.00
Building.1838,2590.629,1666.282,20.918,27.361,19.729,-75.00
Building.1839,2648.391,1652.795,20.918,25.115,53.818,-165.00
Building.184,1697.375,2126.981,20.918,17.463,8.996,90.00
Building.1840,2614.882,1629.591,20.918,8.266,21.314,15.00
Building.1841,2550.843,1717.384,20.918,22.795,43.558,-165.00
Building.1842,2588.669,1727.088,20.918,18.157,42.095,15.00
Building.1843,2588.554,1727.463,20.918,20.037,41.542,-165.00
Building.1844,2580.506,1725.200,20.918,18.871,42.722,-165.00
Building.1845,2571.707,1722.797,20.918,19.296,44.367,-165.00
Building.1846,2550.616,1718.229,20.918,19.031,44.476,15.00
Building.1847,2548.995,1682.297,20.918,19.608,27.834,15.00
Building.1848,2574.551,1688.247,20.918,17.050,28.986,-165.00
Building.1849,2593.155,1692.045,20.918,34.234,32.202,-165.00
Building.185,1709.760,2183.954,20.918,12.436,10.054,-105.00
Building.1850,2599.190,1714.154,20.918,22.004,68.260,15.00
Building.1851,2625.396,1733.635,20.918,20.000,33.021,-165.00
Building.1852,2630.762,1685.545,20.918,17.983,15.074,105.00
Building.1853,2660.740,1726.414,20.918,45.244,36.182,90.00
Building.1854,2618.961,1394.067,20.918,19.327,16.077,-60.00
Building.1855,2613.826,1376.910,20.918,19.391,20.724,15.00
Building.1856,2606.104,1374.934,20.918,15.467,20.724,60.00
Building.1857,2150.264,1381.300,20.918,14.462,43.028,0.00
Building.1858,2136.784,1384.109,20.918,19.292,42.896,-15.00
Building.1859,2125.686,1390.255,20.918,25.402,22.788,75.00
Building.186,1725.806,2180.806,20.918,10.054,8.731,-105.00
Building.1860,2179.510,1476.235,20.918,26.987,63.500,15.00
Building.1861,2214.908,1473.577,20.918,21.167,73.627,-180.00
Building.1862,2229.288,1466.208,20.918,20.739,91.017,-180.00
Building.1863,2201.116,1435.911,20.918,14.552,23.813,0.00
Building.1864,2244.480,1441.290,20.918,37.282,128.526,90.00
Building.1865,2214.634,1411.835,20.918,15.213,28.443,0.00
Building.1866,2237.204,1393.665,20.918,32.807,37.694,-75.00
Building.1867,2169.235,1392.805,20.918,26.458,25.797,45.00
Building.1868,2215.059,1383.612,20.918,26.368,39.061,-165.00
Building.1869,2176.155,1377.077,20.918,38.625,45.508,0.00
Building.187,1702.182,2113.938,20.918,14.287,8.996,-105.00
Building.1870,2197.492,1399.170,20.918,25.135,21.828,60.00
Building.1871,2284.880,1494.703,20.918,20.799,45.693,15.00
Building.1872,2252.625,1473.331,20.918,21.946,85.091,0.00
Building.1873,2257.270,1401.566,20.918,34.154,29.383,30.00
Building.1874,2285.373,1417.273,20.918,20.811,33.759,-150.00
Building.1875,2285.651,1416.665,20.918,21.566,30.052,30.00
Building.1876,2309.773,1427.357,20.918,29.408,34.013,15.00
Building.1877,2329.735,1434.651,20.918,21.168,28.589,15.00
Building.1878,2281.798,1446.107,20.918,19.630,12.564,105.00
Building.1879,2289.478,1428.072,20.918,34.770,40.830,-150.00
Building.188,1657.168,2108.511,20.918,8.202,12.171,180.00
Building.1880,2315.242,1490.815,20.918,27.309,58.482,15.00
Building.1881,2312.824,1500.000,20.918,27.679,44.712,-165.00
Building.1882,2311.070,1483.841,20.918,21.375,16.537,-135.00
Building.1883,2713.229,1217.853,20.918,21.696,16.404,45.00
Building.1884,2734.172,1199.547,20.918,14.817,23.812,-165.00
Building.1885,2077.665,1336.934,20.918,42.941,59.292,-180.00
Building.1886,2139.013,1335.516,20.918,37.703,43.737,-150.00
Building.1887,2105.437,1305.375,20.918,20.272,17.407,105.00
Building.1888,2102.551,1315.591,20.918,42.035,61.586,120.00
Building.1889,2068.877,1293.351,20.918,26.376,16.696,105.00
Building.189,1514.731,2096.780,20.918,22.754,14.288,-90.00
Building.1890,2065.858,1310.174,20.918,25.797,16.563,-75.00
Building.1891,2037.447,1300.897,20.918,36.661,27.294,-105.00
Building.1892,2022.334,1340.795,20.918,18.530,54.343,0.00
Building.1893,2033.810,1301.397,20.918,31.467,15.161,75.00
Building.1894,2017.502,1289.092,20.918,9.247,15.234,0.00
Building.1895,1993.017,1332.657,20.918,22.087,30.780,15.00
Building.1896,1999.465,1367.809,20.918,36.380,19.453,-165.00
Building.1897,2005.549,1365.800,20.918,13.450,8.633,120.00
Building.1898,1995.229,1346.043,20.918,27.980,18.519,60.00
Building.1899,2057.762,1387.451,20.918,21.427,25.982,180.00
Building.190,1541.436,2061.600,20.918,91.281,33.073,-105.00
Building.1900,2043.593,1476.966,20.918,16.389,32.691,0.00
Building.1901,2068.074,1446.050,20.918,79.402,25.672,75.00
Building.1902,2051.270,1436.718,20.918,45.767,31.802,135.00
Building.1903,2083.471,1384.022,20.918,30.060,36.470,90.00
Building.1904,2091.139,1441.916,20.918,33.623,17.849,-105.00
Building.1905,2051.217,1421.792,20.918,45.322,23.855,-105.00
Building.1906,2088.315,1418.736,20.918,34.350,25.635,-105.00
Building.1907,2091.615,1398.734,20.918,20.454,17.328,-105.00
Building.1908,2046.915,1399.888,20.918,42.582,17.608,75.00
Building.1909,2057.496,1385.234,20.918,12.653,23.701,0.00
Building.191,1488.814,2074.869,20.918,6.615,17.727,-15.00
Building.1910,2037.929,1387.789,20.918,12.700,16.582,180.00
Building.1911,2114.271,1487.734,20.918,11.051,20.127,165.00
Building.1912,2089.964,1481.017,20.918,16.334,31.985,0.00
Building.1913,2092.453,1466.569,20.918,41.086,26.639,-90.00
Building.1914,2071.600,1479.785,20.918,22.163,29.267,15.00
Building.1915,2072.094,1477.034,20.918,16.271,36.066,-165.00
Building.1916,2043.579,1476.807,20.918,8.043,28.652,180.00
Building.1917,2030.740,1477.242,20.918,6.905,26.914,0.00
Building.1918,2087.947,1418.827,20.918,32.651,14.592,75.00
Building.1919,2048.093,1441.115,20.918,13.758,14.288,-135.00
Building.192,1603.776,2034.879,20.918,17.463,14.023,90.00
Building.1920,2192.984,1285.740,20.918,33.518,28.272,120.00
Building.1921,2144.051,1250.306,20.918,22.326,26.458,-60.00
Building.1922,2167.172,1215.564,20.918,28.486,36.830,30.00
Building.1923,2174.261,1248.999,20.918,23.943,32.289,-165.00
Building.1924,2154.121,1215.465,20.918,33.590,42.974,30.00
Building.1925,2146.367,1205.862,20.918,26.899,39.082,-150.00
Building.1926,2105.379,1278.055,20.918,24.440,34.991,30.00
Building.1927,2148.135,1281.320,20.918,27.781,18.386,-60.00
Building.1928,2134.807,1288.658,20.918,30.382,30.875,30.00
Building.1929,2122.924,1284.818,20.918,24.890,32.171,30.00
Building.193,1646.275,2040.411,20.918,20.373,11.113,-105.00
Building.1930,2113.958,1281.228,20.918,23.247,33.574,30.00
Building.1931,2148.361,1270.161,20.918,39.441,20.064,-75.00
Building.1932,2104.897,1266.833,20.918,35.226,54.691,30.00
Building.1933,2125.289,1259.990,20.918,16.351,17.214,-150.00
Building.1934,2125.638,1259.480,20.918,16.830,18.346,30.00
Building.1935,2052.004,1270.864,20.918,22.968,22.279,-150.00
Building.1936,2077.451,1274.598,20.918,34.589,27.773,135.00
Building.1937,2052.758,1269.448,20.918,17.126,21.925,30.00
Building.1938,2038.442,1265.784,20.918,14.843,19.551,-150.00
Building.1939,2103.096,1246.356,20.918,32.939,32.459,120.00
Building.194,1701.589,2053.290,20.918,16.669,33.735,165.00
Building.1940,2091.521,1264.036,20.918,25.291,21.965,120.00
Building.1941,2082.216,1278.481,20.918,24.668,21.902,-45.00
Building.1942,2054.842,1246.081,20.918,34.202,25.202,120.00
Building.1943,2797.951,935.330,20.918,31.797,21.982,-180.00
Building.1944,2197.278,1276.179,20.918,32.910,26.142,120.00
Building.1945,2201.551,1268.199,20.918,33.186,26.061,120.00
Building.1946,2205.192,1259.162,20.918,34.656,29.784,120.00
Building.1947,2212.105,1263.293,20.918,22.503,16.075,-60.00
Building.1948,2219.948,1247.896,20.918,23.957,18.487,120.00
Building.1949,2203.462,1238.801,20.918,19.534,17.630,120.00
Building.195,1789.302,2050.105,20.918,15.081,21.828,-15.00
Building.1950,2291.154,1302.452,20.918,40.972,49.349,-60.00
Building.1951,2315.865,1366.413,20.918,59.237,51.254,45.00
Building.1952,2355.600,1372.350,20.918,29.369,30.436,-150.00
Building.1953,2316.814,1402.716,20.918,29.292,30.163,-60.00
Building.1954,2342.894,1396.570,20.918,12.598,14.655,-150.00
Building.1955,2331.612,1402.816,20.918,10.129,10.791,15.00
Building.1956,2245.942,1339.026,20.918,24.685,40.346,15.00
Building.1957,2221.938,1318.934,20.918,32.619,21.358,120.00
Building.1958,2254.572,1323.245,20.918,29.352,26.931,-45.00
Building.1959,2238.101,1322.556,20.918,21.745,23.105,30.00
Building.196,1963.372,2137.793,20.918,21.035,14.288,-105.00
Building.1960,2218.127,1339.246,20.918,34.494,30.956,120.00
Building.1961,2221.170,1328.748,20.918,41.275,27.075,120.00
Building.1962,2270.346,1358.410,20.918,32.748,36.783,165.00
Building.1963,2282.336,1369.057,20.918,26.194,35.714,30.00
Building.1964,2280.032,1372.852,20.918,21.816,22.225,-150.00
Building.1965,2363.898,1344.170,20.918,24.384,31.750,45.00
Building.1966,2356.958,1336.498,20.918,36.284,34.695,45.00
Building.1967,2347.416,1331.575,20.918,39.378,35.966,45.00
Building.1968,2347.163,1331.824,20.918,34.951,36.589,-135.00
Building.1969,2341.698,1328.544,20.918,36.923,43.471,-135.00
Building.197,1940.829,2148.409,20.918,0.451,0.397,90.00
Building.1970,2329.006,1309.749,20.918,22.929,26.979,45.00
Building.1971,2329.593,1308.994,20.918,35.182,37.943,-135.00
Building.1972,2310.350,1312.556,20.918,22.489,25.797,135.00
Building.1973,2238.052,1262.484,20.918,36.265,48.030,30.00
Building.1974,2264.085,1276.514,20.918,32.717,46.894,-150.00
Building.1975,2276.058,1283.749,20.918,34.236,45.664,-150.00
Building.1976,2275.833,1284.118,20.918,32.111,43.133,30.00
Building.1977,2226.466,1302.629,20.918,27.339,25.737,120.00
Building.1978,2226.584,1302.718,20.918,23.223,20.500,-60.00
Building.1979,2286.480,1338.139,20.918,23.591,27.120,-150.00
Building.198,1939.394,2138.568,20.918,15.027,19.447,165.00
Building.1980,2288.055,1335.846,20.918,23.945,21.629,30.00
Building.1981,1956.368,1578.655,20.918,95.487,30.330,-105.00
Building.1982,1932.690,1513.543,20.918,31.918,25.647,120.00
Building.1983,1929.890,1526.301,20.918,31.427,14.569,105.00
Building.1984,1928.865,1558.415,20.918,38.570,23.886,-90.00
Building.1985,2010.203,1560.969,20.918,19.194,15.024,120.00
Building.1986,1926.634,1570.321,20.918,26.469,11.906,-90.00
Building.1987,1959.311,1556.052,20.918,17.938,14.744,-15.00
Building.1988,1958.230,1553.403,20.918,13.944,15.646,165.00
Building.1989,1979.599,1542.244,20.918,24.420,16.964,120.00
Building.199,1903.807,2158.335,20.918,0.183,0.386,75.00
Building.1990,1991.121,1553.593,20.918,8.706,9.718,180.00
Building.1991,1997.136,1552.974,20.918,12.197,8.769,120.00
Building.1992,1977.055,1551.778,20.918,10.745,9.359,75.00
Building.1993,1989.106,1516.664,20.918,32.030,40.885,60.00
Building.1994,1927.027,1500.398,20.918,14.136,12.487,-60.00
Building.1995,1938.866,1507.197,20.918,16.717,20.819,-60.00
Building.1996,1967.129,1509.217,20.918,19.767,28.494,-165.00
Building.1997,1979.033,1512.259,20.918,23.095,32.021,-165.00
Building.1998,2011.979,1549.188,20.918,17.783,10.698,-60.00
Building.1999,2008.677,1527.942,20.918,27.480,18.708,105.00
Building.200,1903.623,2158.379,20.918,0.397,0.805,75.00
Building.2000,2007.318,1527.697,20.918,24.312,17.782,-75.00
Building.2001,2013.496,1499.390,20.918,14.028,13.766,90.00
Building.2002,1991.436,1409.353,20.918,48.255,55.283,15.00
Building.2003,2008.104,1472.912,20.918,32.196,22.352,90.00
Building.2004,1971.746,1416.383,20.918,19.919,18.056,-150.00
Building.2005,1950.791,1428.979,20.918,24.569,28.546,30.00
Building.2006,1965.381,1396.093,20.918,15.657,19.095,30.00
Building.2007,2009.409,1419.775,20.918,19.370,17.198,-90.00
Building.2008,2014.941,1466.959,20.918,20.347,20.077,-90.00
Building.2009,2086.527,1246.893,20.918,54.501,41.236,30.00
Building.201,1898.582,2159.596,20.918,12.517,11.510,-105.00
Building.2010,2107.350,1230.334,20.918,33.073,26.665,120.00
Building.2011,2077.281,1235.113,20.918,21.828,35.057,30.00
Building.2012,2076.796,1236.183,20.918,26.439,39.957,-150.00
Building.2013,2061.182,1230.293,20.918,20.954,34.160,30.00
Building.2014,2054.793,1225.979,20.918,20.413,34.043,-150.00
Building.2015,2430.406,1098.826,20.918,26.194,13.494,-90.00
Building.2016,2438.973,1076.118,20.918,23.812,20.637,-75.00
Building.2017,2394.119,1085.379,20.918,17.463,14.288,-60.00
Building.2018,2449.182,1017.467,20.918,16.669,30.956,15.00
Building.2019,2379.261,1055.927,20.918,19.844,21.828,45.00
Building.202,1884.429,2165.062,20.918,0.115,0.397,75.00
Building.2020,2398.283,1039.976,20.918,14.817,16.404,45.00
Building.2021,2438.234,973.222,20.918,32.544,42.863,-165.00
Building.2022,2453.329,927.756,20.918,31.088,28.443,-45.00
Building.2023,2585.647,844.187,20.918,8.996,7.937,165.00
Building.2024,2788.828,1130.656,20.918,56.303,77.788,-90.00
Building.2025,2782.764,1153.170,20.918,22.299,32.420,165.00
Building.2026,2813.088,1160.733,20.918,26.724,19.199,90.00
Building.2027,2766.814,1224.527,20.918,20.371,30.345,-15.00
Building.2028,2811.829,1226.034,20.918,20.915,33.338,-150.00
Building.2029,2799.029,1190.118,20.918,14.210,36.729,-180.00
Building.203,1864.889,2158.993,20.918,36.795,17.462,75.00
Building.2030,2796.970,1223.688,20.918,11.950,31.885,-180.00
Building.2031,2765.215,1197.324,20.918,21.285,24.721,0.00
Building.2032,2782.464,1184.713,20.918,36.064,15.023,-90.00
Building.2033,2792.975,1158.769,20.918,17.302,13.830,90.00
Building.2034,2809.781,1206.771,20.918,25.457,19.891,-45.00
Building.2035,2812.250,1196.125,20.918,27.758,17.786,-90.00
Building.2036,2784.093,1061.335,20.918,19.844,29.051,0.00
Building.2037,2774.856,1065.596,20.918,26.286,39.914,180.00
Building.2038,2802.409,1063.971,20.918,11.615,30.210,0.00
Building.2039,2847.352,1096.968,20.918,19.182,23.813,90.00
Building.204,1889.237,2120.244,20.918,7.144,8.334,165.00
Building.2040,2834.021,1124.241,20.918,9.260,11.245,-180.00
Building.2041,2858.519,1044.363,20.918,17.859,11.245,90.00
Building.2042,2873.775,1012.516,20.918,14.552,9.260,105.00
Building.2043,2873.728,993.832,20.918,23.812,9.260,-60.00
Building.2044,2834.784,1016.932,20.918,54.240,74.745,105.00
Building.2045,2782.202,1015.080,20.918,11.245,26.458,0.00
Building.2046,2827.465,1089.417,20.918,9.922,9.261,-165.00
Building.2047,2828.877,1138.919,20.918,7.938,5.424,-150.00
Building.2048,3001.494,1055.458,20.918,46.682,124.973,-90.00
Building.2049,2923.420,1147.107,20.918,59.857,51.462,45.00
Building.205,1848.768,2005.121,20.918,27.781,15.544,-105.00
Building.2050,2866.545,1193.953,20.918,33.420,30.327,90.00
Building.2051,2875.046,1153.625,20.918,24.644,17.070,105.00
Building.2052,2894.977,1164.305,20.918,29.104,38.938,-150.00
Building.2053,2870.246,1182.097,20.918,25.231,14.528,-105.00
Building.2054,2880.755,1139.562,20.918,23.352,19.185,105.00
Building.2055,2891.091,1197.690,20.918,17.984,65.438,0.00
Building.2056,2891.552,1202.204,20.918,11.381,58.019,180.00
Building.2057,2869.293,1220.603,20.918,8.597,25.865,0.00
Building.2058,2872.033,1204.740,20.918,12.568,50.991,30.00
Building.2059,2861.375,1218.172,20.918,11.074,33.151,0.00
Building.206,1464.305,2201.093,20.918,1.601,0.397,90.00
Building.2060,2861.071,1220.828,20.918,12.527,32.711,-180.00
Building.2061,2861.112,1193.464,20.918,16.497,11.906,-90.00
Building.2062,2844.164,1220.395,20.918,10.375,33.581,15.00
Building.2063,2945.693,1186.124,20.918,14.552,35.719,30.00
Building.2064,2950.283,1192.919,20.918,41.094,54.312,45.00
Building.2065,2936.332,1203.204,20.918,25.374,48.967,-75.00
Building.2066,2924.983,1209.153,20.918,16.323,34.564,180.00
Building.2067,2919.301,1181.616,20.918,25.663,21.954,105.00
Building.2068,2905.094,1211.388,20.918,10.881,33.236,0.00
Building.2069,2889.388,1107.356,20.918,16.381,13.573,-75.00
Building.207,1422.436,2208.243,20.918,87.696,38.100,-105.00
Building.2070,2889.638,1107.449,20.918,17.262,8.020,105.00
Building.2071,2932.500,1125.663,20.918,68.659,55.586,120.00
Building.2072,2985.065,1139.821,20.918,17.290,13.649,-60.00
Building.2073,2984.683,1139.596,20.918,18.390,15.991,120.00
Building.2074,2960.034,1144.167,20.918,18.856,27.429,15.00
Building.2075,2976.960,1155.503,20.918,15.855,13.858,120.00
Building.2076,2980.191,1148.524,20.918,16.583,13.630,120.00
Building.2077,3036.491,1061.763,20.918,22.886,74.385,-150.00
Building.2078,3006.938,1081.638,20.918,11.908,31.788,-180.00
Building.2079,3018.173,1080.719,20.918,11.597,30.310,180.00
Building.208,1447.893,2220.792,20.918,42.069,18.653,-105.00
Building.2080,3007.594,1036.379,20.918,13.104,38.392,180.00
Building.2081,3006.176,1055.153,20.918,22.747,11.339,90.00
Building.2082,3007.630,1037.097,20.918,10.917,36.258,0.00
Building.2083,2985.066,1118.875,20.918,46.385,35.267,-75.00
Building.2084,2966.170,1101.331,20.918,26.723,35.719,105.00
Building.2085,2975.171,1044.263,20.918,17.859,39.026,0.00
Building.2086,2926.572,1017.239,20.918,46.326,59.531,-90.00
Building.2087,2939.252,1003.834,20.918,21.069,11.245,-105.00
Building.2088,2928.322,1035.197,20.918,20.505,10.706,-90.00
Building.2089,2928.950,1017.131,20.918,18.211,8.599,90.00
Building.209,1400.421,2245.814,20.918,28.178,23.416,165.00
Building.2090,2985.880,1002.619,20.918,9.656,30.078,-180.00
Building.2091,2954.965,999.448,20.918,12.798,26.178,0.00
Building.2092,2912.618,1091.680,20.918,44.328,17.826,-120.00
Building.2093,2991.842,962.366,20.918,19.844,7.938,-90.00
Building.2094,2942.214,947.361,20.918,13.494,9.525,90.00
Building.2095,2956.594,936.094,20.918,15.082,13.493,-75.00
Building.2096,2978.850,938.880,20.918,6.614,9.260,-180.00
Building.2097,2961.054,873.739,20.918,17.198,25.797,15.00
Building.2098,3043.342,958.723,20.918,44.318,40.349,-30.00
Building.2099,3054.581,932.167,20.918,7.938,9.525,15.00
Building.210,1414.300,2141.890,20.918,91.282,33.337,75.00
Building.2100,3064.735,910.200,20.918,9.128,8.334,90.00
Building.2101,3038.323,925.901,20.918,11.510,13.097,-165.00
Building.2102,3081.691,860.361,20.918,10.716,9.128,120.00
Building.2103,3021.522,875.969,20.918,14.287,17.859,-135.00
Building.2104,3022.818,845.908,20.918,23.813,12.700,75.00
Building.2105,3048.852,880.966,20.918,21.431,7.144,-90.00
Building.2106,3064.094,896.338,20.918,9.525,9.128,-120.00
Building.2107,2755.648,935.018,20.918,19.844,19.844,-15.00
Building.2108,2798.731,906.148,20.918,27.120,19.844,-75.00
Building.2109,2863.840,931.109,20.918,48.286,31.750,120.00
Building.211,1456.634,2116.364,20.918,0.144,0.397,90.00
Building.2110,2861.930,885.400,20.918,11.906,7.276,90.00
Building.2111,2841.607,887.704,20.918,10.583,7.277,90.00
Building.2112,2857.860,855.239,20.918,17.859,19.844,-45.00
Building.2113,2822.039,848.208,20.918,43.656,19.844,75.00
Building.2114,2772.627,856.671,20.918,54.901,23.813,75.00
Building.2115,2799.152,889.825,20.918,51.858,42.995,90.00
Building.2116,2808.686,882.722,20.918,32.207,9.526,90.00
Building.2117,2828.326,898.866,20.918,8.268,20.012,-180.00
Building.2118,2857.498,803.313,20.918,11.509,6.350,-105.00
Building.2119,3078.931,796.096,20.918,19.844,19.050,15.00
Building.212,1452.397,2105.009,20.918,22.478,34.925,165.00
Building.2120,3100.423,712.953,20.918,15.875,27.781,-150.00
Building.2121,3101.280,749.813,20.918,13.891,14.552,120.00
Building.2122,3098.845,776.795,20.918,14.552,6.615,105.00
Building.2123,3057.659,784.069,20.918,32.279,80.963,-75.00
Building.2124,3072.406,754.115,20.918,13.759,11.642,-150.00
Building.2125,3012.662,735.493,20.918,24.342,14.287,-60.00
Building.2126,3034.859,674.678,20.918,20.108,12.171,-75.00
Building.2127,3057.982,692.022,20.918,14.288,20.638,-165.00
Building.2128,3054.322,709.324,20.918,26.988,18.521,75.00
Building.2129,3074.799,723.283,20.918,12.700,20.638,30.00
Building.213,1398.696,2121.692,20.918,61.516,35.719,-105.00
Building.2130,3026.811,696.957,20.918,22.333,11.930,-75.00
Building.2131,3021.593,714.433,20.918,24.871,15.191,-75.00
Building.2132,3024.405,705.143,20.918,23.457,13.361,-75.00
Building.2133,3030.366,682.493,20.918,21.000,10.652,105.00
Building.2134,3167.963,819.535,20.918,19.050,23.813,-165.00
Building.2135,2766.257,750.118,20.918,73.835,24.400,90.00
Building.2136,2769.041,772.368,20.918,74.310,26.297,-105.00
Building.2137,2778.187,733.231,20.918,23.812,32.544,0.00
Building.2138,2912.059,704.088,20.918,57.150,63.500,75.00
Building.2139,2868.078,637.204,20.918,67.733,78.317,-15.00
Building.214,1388.550,2060.984,20.918,63.897,28.178,75.00
Building.2140,2805.683,652.346,20.918,22.225,35.454,165.00
Building.2141,2767.689,666.362,20.918,16.933,27.517,-15.00
Building.2142,2751.120,739.791,20.918,28.575,27.517,-105.00
Building.2143,2757.807,703.560,20.918,58.738,31.750,-90.00
Building.2144,2812.917,717.449,20.918,13.229,24.342,150.00
Building.2145,2962.293,693.479,20.918,10.715,5.953,-105.00
Building.2146,2872.084,560.874,20.918,28.748,43.865,60.00
Building.2147,2841.687,572.185,20.918,28.672,46.084,165.00
Building.2148,2863.384,568.331,20.918,30.183,38.313,165.00
Building.2149,2846.279,548.636,20.918,21.234,13.234,75.00
Building.215,1449.764,2034.753,20.918,14.288,18.256,165.00
Building.2150,2861.991,543.922,20.918,12.088,9.934,75.00
Building.2151,2889.647,565.364,20.918,22.490,26.608,165.00
Building.2152,2736.662,624.163,20.918,23.918,20.465,-15.00
Building.2153,2800.199,585.099,20.918,28.657,55.688,-15.00
Building.2154,2770.310,591.205,20.918,30.501,53.850,0.00
Building.2155,2718.162,614.606,20.918,26.458,57.547,165.00
Building.2156,2749.643,585.986,20.918,18.715,24.592,165.00
Building.2157,2747.453,597.681,20.918,50.163,40.026,75.00
Building.2158,2735.851,622.198,20.918,21.531,25.823,165.00
Building.2159,2752.763,620.174,20.918,19.267,15.332,-30.00
Building.216,1442.420,2006.423,20.918,0.070,0.397,90.00
Building.2160,2736.523,590.432,20.918,19.242,25.123,165.00
Building.2161,2749.512,585.563,20.918,15.382,24.007,-15.00
Building.2162,3005.088,568.035,20.918,48.948,62.839,105.00
Building.2163,2937.187,603.633,20.918,82.900,93.927,-15.00
Building.2164,2928.183,570.707,20.918,19.703,27.120,-15.00
Building.2165,2953.059,576.280,20.918,25.797,19.579,-105.00
Building.2166,2912.620,540.332,20.918,43.896,38.415,-15.00
Building.2167,2947.842,548.968,20.918,15.635,16.671,60.00
Building.2168,2936.625,535.323,20.918,23.426,36.228,-15.00
Building.2169,2934.923,554.387,20.918,20.209,13.601,60.00
Building.217,1432.099,1995.188,20.918,21.361,13.097,90.00
Building.2170,2911.820,536.332,20.918,17.859,23.812,165.00
Building.2171,2986.590,580.542,20.918,17.860,37.042,-165.00
Building.2172,2956.089,552.852,20.918,36.230,82.569,-15.00
Building.2173,3000.632,507.429,20.918,49.802,26.255,-30.00
Building.2174,2991.015,537.103,20.918,13.732,18.521,-30.00
Building.2175,3011.356,526.823,20.918,30.997,26.463,75.00
Building.2176,2996.946,530.584,20.918,23.934,26.198,165.00
Building.2177,2982.434,557.985,20.918,21.167,17.859,60.00
Building.2178,2973.445,532.456,20.918,29.117,48.880,-15.00
Building.2179,3086.066,619.699,20.918,17.462,19.050,30.00
Building.218,1403.287,2018.336,20.918,17.404,15.478,90.00
Building.2180,3152.010,623.548,20.918,10.583,11.113,120.00
Building.2181,3150.500,605.435,20.918,8.467,10.054,15.00
Building.2182,3120.367,600.210,20.918,14.816,11.642,-75.00
Building.2183,3092.174,589.818,20.918,15.345,10.054,-60.00
Building.2184,3046.025,613.195,20.918,18.521,19.050,30.00
Building.2185,3064.402,590.630,20.918,15.345,31.750,-150.00
Building.2186,3054.385,596.967,20.918,32.809,53.446,-150.00
Building.2187,3117.684,636.235,20.918,17.462,19.050,-135.00
Building.2188,3078.633,539.296,20.918,27.120,16.536,105.00
Building.2189,3125.538,549.449,20.918,14.816,16.933,150.00
Building.219,1412.666,2033.009,20.918,0.455,0.794,90.00
Building.2190,3101.664,555.185,20.918,8.467,9.525,180.00
Building.2191,3083.569,338.493,20.918,16.404,12.171,75.00
Building.2192,3167.889,440.165,20.918,57.679,32.130,-105.00
Building.2193,3176.278,449.680,20.918,36.513,22.798,75.00
Building.2194,3161.253,456.949,20.918,62.177,35.330,-150.00
Building.2195,3174.704,420.783,20.918,26.379,10.671,75.00
Building.2196,3128.965,431.946,20.918,28.575,13.847,75.00
Building.2197,3121.309,453.144,20.918,21.114,39.158,165.00
Building.2198,3128.300,442.273,20.918,20.638,12.303,90.00
Building.2199,2970.004,471.066,20.918,14.693,36.380,165.00
Building.220,1350.030,2041.032,20.918,0.794,0.397,90.00
Building.2200,3036.486,458.328,20.918,23.812,26.677,-15.00
Building.2201,3048.366,430.103,20.918,26.440,21.431,165.00
Building.2202,3029.832,433.860,20.918,22.859,20.523,165.00
Building.2203,3018.774,464.962,20.918,22.452,24.139,-15.00
Building.2204,3025.456,452.810,20.918,20.534,10.762,-105.00
Building.2205,3004.647,456.309,20.918,22.572,46.158,-15.00
Building.2206,2998.867,463.662,20.918,19.320,19.089,-105.00
Building.2207,3008.463,469.353,20.918,19.746,21.138,165.00
Building.2208,2990.543,438.212,20.918,19.247,17.000,75.00
Building.2209,2981.576,463.340,20.918,24.295,43.898,-15.00
Building.221,1337.228,2032.606,20.918,25.003,13.097,75.00
Building.2210,2983.003,468.481,20.918,20.667,36.958,165.00
Building.2211,2947.844,459.586,20.918,12.541,17.580,-15.00
Building.2212,2965.312,481.294,20.918,14.750,14.393,165.00
Building.2213,2960.746,469.004,20.918,13.010,13.084,165.00
Building.2214,2966.811,453.645,20.918,16.225,14.208,-105.00
Building.2215,3031.503,412.025,20.918,21.035,10.319,-105.00
Building.2216,2968.801,396.782,20.918,90.488,64.294,-60.00
Building.2217,2982.859,415.222,20.918,19.050,17.231,60.00
Building.2218,3002.347,413.728,20.918,20.787,13.607,75.00
Building.2219,2964.010,424.990,20.918,27.177,15.081,75.00
Building.222,1500.284,2023.783,20.918,31.420,13.890,-105.00
Building.2220,3033.714,384.483,20.918,14.288,21.034,180.00
Building.2221,2913.148,488.188,20.918,61.264,31.561,75.00
Building.2222,2928.427,473.197,20.918,23.685,17.783,60.00
Building.2223,2880.220,481.443,20.918,16.762,17.441,-15.00
Building.2224,2908.445,476.530,20.918,56.432,35.239,45.00
Building.2225,2914.818,470.923,20.918,45.389,31.750,-105.00
Building.2226,2897.003,439.599,20.918,12.171,14.817,-15.00
Building.2227,2915.316,424.243,20.918,8.731,9.922,165.00
Building.2228,2918.135,440.778,20.918,11.509,8.334,75.00
Building.2229,2878.659,402.986,20.918,24.606,17.463,75.00
Building.223,1498.199,2004.949,20.918,27.516,13.547,-90.00
Building.2230,2884.244,428.795,20.918,10.715,9.922,75.00
Building.2231,2887.918,447.436,20.918,10.319,9.922,75.00
Building.2232,2906.094,402.955,20.918,10.716,7.938,-120.00
Building.2233,2874.973,443.802,20.918,21.500,57.609,165.00
Building.2234,3179.590,284.202,20.918,46.346,44.481,-75.00
Building.2235,3212.078,255.560,20.918,30.537,14.552,105.00
Building.2236,3220.410,264.519,20.918,31.750,31.399,105.00
Building.2237,3200.559,285.523,20.918,15.035,21.739,15.00
Building.2238,3209.631,287.223,20.918,18.858,20.081,15.00
Building.2239,3150.670,258.151,20.918,21.603,35.853,15.00
Building.224,1539.297,2015.336,20.918,29.210,15.875,-105.00
Building.2240,3180.497,284.510,20.918,38.289,17.651,105.00
Building.2241,3151.571,282.091,20.918,18.199,12.476,-75.00
Building.2242,3254.956,132.067,20.918,108.744,244.192,15.00
Building.2243,3208.613,96.288,20.918,27.833,49.595,15.00
Building.2244,3188.535,149.721,20.918,36.070,56.413,15.00
Building.2245,3161.300,227.713,20.918,19.097,33.969,15.00
Building.2246,3183.209,232.689,20.918,22.373,12.630,90.00
Building.2247,3186.340,208.841,20.918,14.288,19.579,15.00
Building.2248,3235.479,168.494,20.918,8.467,12.171,-135.00
Building.2249,3224.558,133.054,20.918,8.599,8.996,-180.00
Building.225,1578.399,2007.234,20.918,23.918,15.452,-105.00
Building.2250,3228.721,120.313,20.918,8.268,7.937,30.00
Building.2251,3256.138,107.547,20.918,9.525,11.906,-135.00
Building.2252,3233.529,99.269,20.918,11.112,12.435,30.00
Building.2253,2749.181,534.431,20.918,41.858,48.701,-75.00
Building.2254,2859.431,493.042,20.918,21.856,27.653,165.00
Building.2255,2820.205,469.538,20.918,47.604,38.952,-15.00
Building.2256,2839.322,431.351,20.918,38.505,50.800,165.00
Building.2257,2824.967,499.700,20.918,46.831,34.925,-90.00
Building.2258,2817.285,515.342,20.918,29.913,38.894,75.00
Building.2259,2842.868,510.090,20.918,41.275,32.269,75.00
Building.226,1323.422,2212.960,20.918,62.310,93.663,0.00
Building.2260,2778.338,504.745,20.918,50.329,44.981,-15.00
Building.2261,2765.440,527.831,20.918,23.050,44.938,-15.00
Building.2262,2779.691,511.963,20.918,35.896,33.338,165.00
Building.2263,2799.758,542.169,20.918,27.781,21.981,-105.00
Building.2264,2733.804,549.545,20.918,18.358,22.472,150.00
Building.2265,2713.596,566.744,20.918,28.602,26.081,-105.00
Building.2266,2698.764,564.258,20.918,14.791,18.736,165.00
Building.2267,2684.397,511.389,20.918,14.354,9.776,90.00
Building.2268,2696.865,534.915,20.918,22.011,39.688,165.00
Building.2269,2699.542,544.666,20.918,14.926,18.822,-15.00
Building.227,1309.575,2101.947,20.918,14.684,19.447,180.00
Building.2270,2695.582,530.240,20.918,16.971,19.236,-15.00
Building.2271,2722.588,544.142,20.918,18.521,16.835,-120.00
Building.2272,2715.893,518.934,20.918,17.776,10.607,-90.00
Building.2273,2717.735,526.580,20.918,18.079,8.863,75.00
Building.2274,2717.548,526.619,20.918,18.304,9.364,-105.00
Building.2275,2713.848,506.804,20.918,16.310,11.106,75.00
Building.2276,2723.002,484.034,20.918,20.012,9.935,-105.00
Building.2277,2719.226,469.237,20.918,22.150,13.616,75.00
Building.2278,2719.671,469.145,20.918,19.763,10.583,-105.00
Building.2279,2727.137,451.215,20.918,30.875,23.044,-105.00
Building.228,1326.855,2095.103,20.918,17.859,15.478,-105.00
Building.2280,2690.373,485.757,20.918,54.504,75.103,-15.00
Building.2281,2736.123,508.654,20.918,43.921,55.042,135.00
Building.2282,2745.921,505.092,20.918,20.540,23.283,-30.00
Building.2283,2746.112,458.202,20.918,16.332,46.725,-15.00
Building.2284,2770.538,457.697,20.918,25.929,29.633,0.00
Building.2285,2740.426,466.438,20.918,8.467,12.171,150.00
Building.2286,1837.038,1521.309,20.918,51.813,25.458,75.00
Building.2287,1862.501,1595.182,20.918,25.135,12.568,-90.00
Building.2288,1872.863,1576.251,20.918,9.131,15.516,165.00
Building.2289,1848.463,1578.648,20.918,11.978,12.849,-15.00
Building.229,1241.540,2176.991,20.918,21.828,23.812,-90.00
Building.2290,1866.096,1576.923,20.918,8.161,14.233,180.00
Building.2291,1846.578,1566.520,20.918,12.646,14.471,0.00
Building.2292,1864.450,1564.779,20.918,8.055,11.777,-15.00
Building.2293,1864.416,1564.579,20.918,6.734,12.693,165.00
Building.2294,3130.356,452.621,20.918,18.259,8.474,90.00
Building.2295,2179.547,1155.864,20.918,40.913,40.420,60.00
Building.2296,2146.128,1138.124,20.918,31.882,44.291,-150.00
Building.2297,2142.833,1144.326,20.918,23.921,30.807,30.00
Building.2298,2173.903,1143.163,20.918,16.355,18.138,-60.00
Building.2299,2171.420,1134.759,20.918,13.827,14.201,-150.00
Building.230,1200.815,2152.639,20.918,20.240,20.232,-15.00
Building.2300,2206.689,1160.763,20.918,16.404,29.187,-60.00
Building.2301,2192.436,1171.159,20.918,23.468,34.131,30.00
Building.2302,2190.944,1163.369,20.918,23.084,39.594,30.00
Building.2303,2155.618,1148.685,20.918,27.232,36.845,30.00
Building.2304,2117.954,1118.827,20.918,20.044,27.517,30.00
Building.2305,2106.507,1117.204,20.918,19.050,22.443,30.00
Building.2306,2011.236,1126.972,20.918,18.793,31.590,-150.00
Building.2307,2030.012,1190.408,20.918,16.933,35.413,-150.00
Building.2308,2029.296,1213.707,20.918,16.065,24.871,-165.00
Building.2309,2020.529,1215.450,20.918,13.425,15.406,-165.00
Building.231,1219.513,2161.504,20.918,0.397,0.009,-90.00
Building.2310,2017.734,1200.346,20.918,15.875,6.658,90.00
Building.2311,2025.245,1169.386,20.918,22.745,40.503,105.00
Building.2312,2060.638,1140.169,20.918,19.926,19.360,120.00
Building.2313,2045.006,1170.579,20.918,19.791,19.303,-60.00
Building.2314,2055.180,1150.666,20.918,19.212,16.602,120.00
Building.2315,2038.465,1146.903,20.918,21.650,35.124,30.00
Building.2316,2031.329,1142.508,20.918,22.555,34.692,30.00
Building.2317,2031.750,1141.739,20.918,22.580,33.382,-150.00
Building.2318,2025.514,1137.540,20.918,22.345,32.721,-150.00
Building.2319,2015.728,1120.020,20.918,16.069,16.280,30.00
Building.232,1258.260,2233.167,20.918,13.097,14.288,180.00
Building.2320,2016.088,1139.614,20.918,18.408,21.519,-150.00
Building.2321,2006.190,1116.833,20.918,11.524,16.662,-150.00
Building.2322,2002.465,1110.177,20.918,6.381,8.914,-135.00
Building.2323,2019.846,1180.692,20.918,20.611,39.158,180.00
Building.2324,2012.214,1148.685,20.918,14.406,19.548,120.00
Building.2325,2034.592,1180.028,20.918,20.324,30.163,30.00
Building.2326,2032.102,1162.317,20.918,14.888,14.864,120.00
Building.2327,2414.773,730.817,20.918,41.275,50.006,15.00
Building.2328,2347.093,938.028,20.918,69.766,45.945,-75.00
Building.2329,2395.294,964.614,20.918,35.105,40.645,30.00
Building.233,1251.781,2274.166,20.918,22.225,21.035,-105.00
Building.2330,2411.140,929.234,20.918,37.303,52.307,15.00
Building.2331,2414.069,910.921,20.918,38.201,22.120,-75.00
Building.2332,2427.630,873.652,20.918,48.671,47.487,120.00
Building.2333,2432.746,851.438,20.918,56.966,53.996,75.00
Building.2334,2440.372,815.754,20.918,52.027,65.984,-75.00
Building.2335,2459.684,794.039,20.918,31.366,22.923,105.00
Building.2336,2451.371,678.122,20.918,80.119,24.170,75.00
Building.2337,2487.113,676.272,20.918,39.534,53.975,30.00
Building.2338,2456.897,696.202,20.918,43.088,12.922,-165.00
Building.2339,2423.146,691.174,20.918,25.400,11.178,105.00
Building.234,1227.308,2276.775,20.918,11.113,10.319,180.00
Building.2340,2450.022,777.601,20.918,61.329,42.736,-75.00
Building.2341,2428.994,782.564,20.918,21.189,13.666,-75.00
Building.2342,2475.610,719.502,20.918,30.118,42.825,15.00
Building.2343,2468.207,745.590,20.918,16.241,30.789,-165.00
Building.2344,2465.497,715.495,20.918,18.666,37.973,15.00
Building.2345,2453.587,713.052,20.918,27.050,35.257,15.00
Building.2346,2442.873,738.594,20.918,34.003,32.412,75.00
Building.2347,2485.469,755.085,20.918,24.526,22.133,-165.00
Building.2348,2400.296,929.692,20.918,21.586,30.155,30.00
Building.2349,2346.466,961.213,20.918,75.458,35.243,105.00
Building.235,1195.844,2288.134,20.918,12.656,10.871,-90.00
Building.2350,2331.105,955.294,20.918,49.710,34.320,-75.00
Building.2351,2393.434,940.260,20.918,34.600,57.324,-150.00
Building.2352,2373.326,874.141,20.918,20.505,15.875,-75.00
Building.2353,2365.885,835.479,20.918,25.797,23.151,120.00
Building.2354,2395.121,811.071,20.918,31.088,44.979,-45.00
Building.2355,2167.177,1099.183,20.918,18.484,20.789,-135.00
Building.2356,2173.087,1036.686,20.918,26.458,25.400,-150.00
Building.2357,2196.147,1039.304,20.918,22.754,19.050,120.00
Building.2358,2188.901,1063.562,20.918,8.996,13.229,15.00
Building.2359,2182.079,1057.448,20.918,6.350,11.113,-150.00
Building.236,1176.375,2284.881,20.918,11.552,13.946,180.00
Building.2360,2142.456,1076.411,20.918,6.879,7.937,-165.00
Building.2361,2221.645,1078.921,20.918,36.204,53.212,30.00
Building.2362,2203.793,1068.786,20.918,26.118,36.248,30.00
Building.2363,2214.251,1078.148,20.918,39.268,48.257,-150.00
Building.2364,2216.150,1056.724,20.918,13.531,12.915,-45.00
Building.2365,2221.152,1116.722,20.918,17.963,16.218,-60.00
Building.2366,2196.786,1125.596,20.918,23.812,17.412,-60.00
Building.2367,2200.869,1101.422,20.918,20.015,11.743,-45.00
Building.2368,2210.484,1109.545,20.918,12.808,11.971,-45.00
Building.2369,2202.642,1118.441,20.918,19.382,17.812,-60.00
Building.237,1146.833,2284.285,20.918,12.674,11.907,90.00
Building.2370,2248.354,1063.550,20.918,2.519,1.588,15.00
Building.2371,2216.189,1127.440,20.918,14.249,13.307,120.00
Building.2372,2221.592,1116.966,20.918,16.739,17.709,120.00
Building.2373,2199.058,1099.892,20.918,20.638,19.608,135.00
Building.2374,2187.618,1099.996,20.918,13.022,8.879,-150.00
Building.2375,2175.246,1113.481,20.918,34.133,24.023,-60.00
Building.2376,2165.173,1087.297,20.918,15.716,15.772,-60.00
Building.2377,2178.102,1078.454,20.918,12.700,14.605,-150.00
Building.2378,2150.925,1085.514,20.918,17.814,26.280,30.00
Building.2379,1845.382,1559.504,20.918,48.381,18.308,-90.00
Building.238,1108.275,2296.081,20.918,13.565,16.494,165.00
Building.2380,1829.208,1563.068,20.918,17.317,18.521,75.00
Building.2381,1849.743,1551.211,20.918,36.214,14.531,-105.00
Building.2382,1841.592,1544.346,20.918,48.186,25.813,75.00
Building.2383,1844.197,1519.757,20.918,35.294,15.478,-105.00
Building.2384,1837.606,1593.186,20.918,16.272,19.050,-180.00
Building.2385,1914.254,1443.375,20.918,30.956,16.119,-60.00
Building.2386,1919.348,1464.504,20.918,16.531,21.828,-150.00
Building.2387,1914.412,1443.445,20.918,26.388,18.496,120.00
Building.2388,1890.026,1426.976,20.918,23.019,11.509,90.00
Building.2389,1886.075,1391.899,20.918,24.431,30.692,165.00
Building.239,1239.016,2337.553,20.918,13.627,17.903,-180.00
Building.2390,1929.458,1423.949,20.918,20.861,16.933,-75.00
Building.2391,1922.224,1421.730,20.918,14.125,17.243,-165.00
Building.2392,1913.277,1419.685,20.918,11.610,16.485,-165.00
Building.2393,1915.676,1411.700,20.918,18.816,11.509,-165.00
Building.2394,1914.059,1402.319,20.918,16.933,13.229,-90.00
Building.2395,1895.219,1400.729,20.918,17.462,10.677,-90.00
Building.2396,1905.574,1393.135,20.918,11.029,4.762,-120.00
Building.2397,1881.917,1365.727,20.918,11.804,26.148,-15.00
Building.2398,1874.236,1364.620,20.918,16.920,13.034,-105.00
Building.2399,1873.824,1364.778,20.918,16.155,10.939,75.00
Building.240,1209.539,2341.361,20.918,11.987,14.257,180.00
Building.2400,1900.362,1363.676,20.918,13.640,23.283,-150.00
Building.2401,1910.753,1379.494,20.918,26.904,22.655,0.00
Building.2402,1902.654,1378.933,20.918,13.758,26.957,-165.00
Building.2403,1954.746,1342.883,20.918,21.299,19.787,-150.00
Building.2404,1922.679,1295.018,20.918,18.355,25.653,30.00
Building.2405,1928.284,1311.177,20.918,26.148,26.717,120.00
Building.2406,1936.875,1301.401,20.918,16.738,24.886,30.00
Building.2407,1936.929,1301.297,20.918,16.739,25.047,-150.00
Building.2408,1970.212,1317.815,20.918,29.633,39.984,15.00
Building.2409,1954.867,1299.316,20.918,11.113,8.932,45.00
Building.241,1170.289,2357.419,20.918,13.891,13.891,-90.00
Building.2410,1954.053,1319.245,20.918,8.260,9.790,-135.00
Building.2411,1956.803,1380.994,20.918,16.166,18.124,-150.00
Building.2412,1931.783,1358.488,20.918,27.914,47.096,150.00
Building.2413,1961.701,1344.632,20.918,19.342,24.178,30.00
Building.2414,1950.208,1360.642,20.918,31.882,22.406,-60.00
Building.2415,1955.941,1340.608,20.918,15.833,21.035,30.00
Building.2416,1939.521,1332.103,20.918,22.225,25.268,30.00
Building.2417,1991.131,1248.786,20.918,7.938,10.583,-165.00
Building.2418,1941.636,1258.351,20.918,6.350,11.113,30.00
Building.2419,1889.652,1307.476,20.918,32.279,32.115,-60.00
Building.242,1133.578,2351.665,20.918,11.113,12.303,0.00
Building.2420,1874.513,1283.603,20.918,46.726,41.312,105.00
Building.2421,1865.304,1325.650,20.918,21.318,40.746,-165.00
Building.2422,1883.837,1330.799,20.918,23.215,22.537,30.00
Building.2423,1885.673,1327.294,20.918,13.799,17.126,-150.00
Building.2424,1870.186,1345.727,20.918,15.989,14.817,-105.00
Building.2425,1865.259,1325.984,20.918,11.564,14.403,15.00
Building.2426,1869.219,1315.206,20.918,9.152,9.824,60.00
Building.2427,1914.970,1285.967,20.918,12.171,24.100,-150.00
Building.2428,1891.350,1315.047,20.918,11.642,15.875,-165.00
Building.2429,1897.851,1299.659,20.918,22.734,15.684,-60.00
Building.243,1112.708,2346.787,20.918,11.079,10.831,90.00
Building.2430,1897.975,1292.034,20.918,15.346,11.754,-75.00
Building.2431,1895.915,1274.757,20.918,12.983,13.651,15.00
Building.2432,1881.067,1274.284,20.918,17.304,23.102,-150.00
Building.2433,1856.148,1281.397,20.918,13.229,23.975,-15.00
Building.2434,1855.898,1280.459,20.918,12.189,25.335,165.00
Building.2435,1871.771,1271.420,20.918,16.278,24.871,-165.00
Building.2436,1826.937,1458.023,20.918,10.583,23.283,-15.00
Building.2437,1803.701,1456.412,20.918,8.467,21.167,-15.00
Building.2438,1800.821,1414.212,20.918,14.817,14.287,75.00
Building.2439,1787.954,1375.031,20.918,12.171,21.167,-15.00
Building.244,1046.596,2313.191,20.918,13.463,13.000,-90.00
Building.2440,1802.374,1357.010,20.918,4.762,9.525,0.00
Building.2441,1807.091,1392.604,20.918,7.408,10.054,30.00
Building.2442,1819.703,1401.967,20.918,5.292,7.408,-120.00
Building.2443,1825.745,1412.296,20.918,5.027,6.879,165.00
Building.2444,1826.720,1432.304,20.918,4.498,6.350,-15.00
Building.2445,1814.745,1434.188,20.918,3.440,4.762,-150.00
Building.2446,1798.125,1344.320,20.918,4.961,5.292,165.00
Building.2447,1778.314,1520.809,20.918,18.521,13.758,-105.00
Building.2448,1743.737,1527.603,20.918,18.521,10.054,-90.00
Building.2449,1774.966,1448.771,20.918,17.463,22.225,-105.00
Building.245,1018.418,2306.047,20.918,15.081,11.113,90.00
Building.2450,1710.602,1445.300,20.918,22.754,14.817,-90.00
Building.2451,1709.057,1478.621,20.918,7.938,9.525,-180.00
Building.2452,1720.355,1585.576,20.918,11.112,10.054,-165.00
Building.2453,1781.845,1592.705,20.918,28.575,24.342,-90.00
Building.2454,1742.422,1306.055,20.918,29.104,41.804,120.00
Building.2455,1714.043,1290.107,20.918,11.112,10.583,-105.00
Building.2456,1731.179,1241.542,20.918,13.758,26.458,165.00
Building.2457,1802.958,1266.135,20.918,9.525,7.937,75.00
Building.2458,1777.173,1262.724,20.918,19.050,14.817,-105.00
Building.2459,1798.002,1241.082,20.918,10.054,10.583,-105.00
Building.246,993.192,2310.385,20.918,12.676,12.331,90.00
Building.2460,1774.156,1239.896,20.918,19.050,11.112,-105.00
Building.2461,1770.022,1213.970,20.918,13.229,13.229,-105.00
Building.2462,1763.864,1191.449,20.918,21.166,10.054,-105.00
Building.2463,1763.062,1176.806,20.918,12.700,11.642,-105.00
Building.2464,1759.808,1151.667,20.918,5.953,8.599,15.00
Building.2465,1787.350,1179.552,20.918,5.953,5.556,135.00
Building.2466,1751.354,1139.864,20.918,9.128,6.350,90.00
Building.2467,1581.663,1635.605,20.918,148.828,40.349,75.00
Building.2468,1547.733,1584.448,20.918,99.219,34.396,75.00
Building.2469,1544.776,1556.260,20.918,97.235,37.042,-105.00
Building.247,1009.110,2572.060,20.918,85.696,35.983,105.00
Building.2470,1615.862,1530.660,20.918,22.490,13.891,75.00
Building.2471,1636.753,1497.405,20.918,22.490,9.260,-105.00
Building.2472,1605.418,1499.248,20.918,18.521,10.583,75.00
Building.2473,1531.720,1503.998,20.918,98.557,34.396,75.00
Building.2474,1462.197,1661.762,20.918,19.844,13.891,-105.00
Building.2475,1443.443,1592.076,20.918,56.886,142.214,-120.00
Building.2476,1446.387,1556.847,20.918,25.568,47.089,-75.00
Building.2477,1442.696,1535.405,20.918,17.210,19.181,-120.00
Building.2478,1460.244,1517.595,20.918,30.956,19.050,-105.00
Building.2479,1633.193,1459.596,20.918,34.925,16.933,-105.00
Building.248,1008.685,2598.149,20.918,92.075,32.056,-75.00
Building.2480,1574.061,1473.339,20.918,10.584,8.996,75.00
Building.2481,1864.475,1156.496,20.918,36.262,23.491,120.00
Building.2482,1866.463,1234.276,20.918,17.904,19.675,15.00
Building.2483,1900.844,1242.094,20.918,38.825,29.766,-75.00
Building.2484,1541.513,769.365,20.918,9.009,21.905,-180.00
Building.2485,1525.616,768.637,20.918,7.419,21.886,0.00
Building.2486,1481.657,751.662,20.918,17.168,13.916,90.00
Building.2487,1482.094,735.448,20.918,16.948,17.065,90.00
Building.2488,1481.162,735.379,20.918,16.498,8.754,-90.00
Building.2489,1481.005,722.711,20.918,15.371,4.781,90.00
Building.249,1035.751,2543.094,20.918,19.358,67.371,-180.00
Building.2490,1478.983,669.345,20.918,11.906,11.136,-90.00
Building.2491,1478.825,681.039,20.918,11.821,11.906,-90.00
Building.2492,1482.435,697.495,20.918,19.123,17.039,-90.00
Building.2493,1483.351,708.987,20.918,19.147,12.678,-90.00
Building.2494,1564.887,723.593,20.918,15.106,29.509,180.00
Building.2495,1529.719,722.986,20.918,9.573,29.118,0.00
Building.2496,1548.037,723.519,20.918,17.838,29.744,-180.00
Building.2497,1556.115,719.343,20.918,8.226,21.323,180.00
Building.2498,1564.718,719.249,20.918,9.115,21.216,180.00
Building.2499,1578.318,721.950,20.918,9.499,25.286,-180.00
Building.250,1050.016,2556.085,20.918,23.769,46.038,180.00
Building.2500,1499.439,717.546,20.918,11.906,9.922,90.00
Building.2501,1521.339,725.169,20.918,15.611,12.284,-75.00
Building.2502,1505.313,692.751,20.918,28.486,20.050,-90.00
Building.2503,1565.599,695.113,20.918,91.101,12.144,-90.00
Building.2504,1571.022,676.840,20.918,80.963,10.091,-90.00
Building.2505,1504.372,651.214,20.918,28.575,31.953,0.00
Building.2506,1535.905,629.451,20.918,15.977,17.188,75.00
Building.2507,1572.587,626.961,20.918,15.642,18.201,165.00
Building.2508,1566.488,660.713,20.918,30.956,20.559,-90.00
Building.2509,1617.019,655.789,20.918,13.890,22.934,-15.00
Building.251,1056.574,2554.160,20.918,11.642,22.280,-150.00
Building.2510,1606.571,647.685,20.918,26.223,37.941,60.00
Building.2511,1591.539,652.048,20.918,11.112,19.050,-15.00
Building.2512,1601.446,627.132,20.918,11.509,14.287,-15.00
Building.2513,1601.254,626.607,20.918,36.550,38.894,165.00
Building.2514,1592.801,632.605,20.918,19.551,11.906,-75.00
Building.2515,1598.997,642.808,20.918,12.389,19.050,-15.00
Building.2516,1504.346,662.787,20.918,27.899,17.128,75.00
Building.2517,1642.730,734.007,20.918,12.700,7.541,90.00
Building.2518,1655.098,710.217,20.918,13.097,10.319,75.00
Building.2519,2368.736,17.552,20.918,25.486,11.123,-30.00
Building.252,1065.309,2573.676,20.918,24.871,50.271,-165.00
Building.2520,2599.895,259.772,20.918,15.875,30.758,-150.00
Building.2521,2597.217,263.444,20.918,12.178,14.883,30.00
Building.2522,2570.532,223.112,20.918,22.754,20.638,-90.00
Building.2523,2570.651,199.437,20.918,24.342,11.642,-105.00
Building.2524,2573.324,179.676,20.918,12.171,7.408,75.00
Building.2525,2549.626,188.089,20.918,10.054,8.996,-105.00
Building.2526,2569.981,149.779,20.918,13.759,33.867,165.00
Building.2527,2528.831,155.402,20.918,43.921,35.983,15.00
Building.2528,2536.818,134.391,20.918,16.933,16.404,-165.00
Building.2529,2549.876,246.329,20.918,31.353,15.875,-105.00
Building.253,949.482,2583.892,20.918,29.633,11.642,105.00
Building.2530,2534.704,284.406,20.918,16.272,18.256,-120.00
Building.2531,2515.983,276.871,20.918,9.128,15.478,0.00
Building.2532,2504.492,283.227,20.918,12.303,14.288,75.00
Building.2533,2481.559,297.795,20.918,9.922,14.684,0.00
Building.2534,2461.124,309.153,20.918,14.288,12.303,-105.00
Building.2535,2459.454,292.040,20.918,16.272,19.050,-150.00
Building.2536,2495.416,262.386,20.918,71.438,44.053,-105.00
Building.2537,2504.893,259.041,20.918,52.784,16.669,-105.00
Building.2538,2431.081,259.134,20.918,19.050,30.559,-15.00
Building.2539,2423.947,229.655,20.918,19.447,22.225,-30.00
Building.254,1061.126,2518.983,20.918,24.342,13.229,-150.00
Building.2540,2466.029,218.042,20.918,17.860,45.244,-15.00
Building.2541,2490.773,178.506,20.918,27.384,14.684,-105.00
Building.2542,2487.081,165.868,20.918,27.781,18.653,-105.00
Building.2543,2457.262,178.970,20.918,9.922,11.112,-120.00
Building.2544,2450.620,161.835,20.918,6.747,8.731,-15.00
Building.2545,2408.420,174.511,20.918,18.653,24.091,-15.00
Building.2546,2458.051,221.370,20.918,12.303,25.003,165.00
Building.2547,2423.488,199.313,20.918,20.278,17.462,75.00
Building.2548,2420.936,187.529,20.918,22.535,17.656,75.00
Building.2549,2422.593,187.068,20.918,23.027,12.118,-105.00
Building.255,1024.048,2502.322,20.918,105.833,9.525,-90.00
Building.2550,2555.028,72.254,20.918,13.097,15.081,180.00
Building.2551,2540.627,51.799,20.918,11.906,13.891,-45.00
Building.2552,2516.100,66.337,20.918,29.766,38.497,-75.00
Building.2553,2436.443,82.784,20.918,13.480,31.413,-15.00
Building.2554,2449.502,105.395,20.918,12.238,22.860,165.00
Building.2555,2472.233,73.344,20.918,13.805,27.885,165.00
Building.2556,2477.723,95.553,20.918,14.665,21.744,165.00
Building.2557,2454.466,78.826,20.918,12.967,30.113,165.00
Building.2558,2458.930,102.060,20.918,12.646,22.600,165.00
Building.2559,2539.852,29.026,20.918,21.828,15.478,60.00
Building.256,934.347,2556.855,20.918,48.154,16.404,90.00
Building.2560,2512.767,13.152,20.918,6.399,4.215,-135.00
Building.2561,2501.720,16.339,20.918,6.585,6.592,-105.00
Building.2562,2488.594,15.941,20.918,10.716,12.303,150.00
Building.2563,2473.778,21.487,20.918,11.510,12.700,120.00
Building.2564,2449.342,29.894,20.918,14.685,13.097,45.00
Building.2565,2437.099,36.489,20.918,14.684,11.906,105.00
Building.2566,2417.201,42.168,20.918,9.128,12.700,165.00
Building.2567,2423.599,89.140,20.918,30.220,24.209,90.00
Building.2568,2380.719,57.884,20.918,15.081,12.303,75.00
Building.2569,2074.755,519.195,20.918,18.521,26.458,-15.00
Building.257,914.466,2512.739,20.918,12.912,13.759,15.00
Building.2570,2024.249,524.391,20.918,44.812,46.302,75.00
Building.2571,2043.962,530.815,20.918,19.182,30.990,-15.00
Building.2572,2054.244,506.628,20.918,11.906,16.537,165.00
Building.2573,2074.722,519.068,20.918,19.844,24.474,165.00
Building.2574,2092.138,481.591,20.918,10.914,8.930,75.00
Building.2575,2087.775,475.142,20.918,13.891,8.599,-105.00
Building.2576,1955.744,580.624,20.918,129.646,161.661,75.00
Building.2577,1962.843,559.477,20.918,30.427,27.120,75.00
Building.2578,1931.882,620.827,20.918,16.537,17.198,-165.00
Building.2579,1953.258,529.946,20.918,38.408,32.519,45.00
Building.258,943.397,2513.390,20.918,12.059,12.873,180.00
Building.2580,1922.822,563.597,20.918,11.889,15.339,45.00
Building.2581,1820.349,659.474,20.918,29.104,17.992,105.00
Building.2582,1799.183,669.314,20.918,26.266,34.925,-150.00
Building.2583,1786.605,672.536,20.918,19.050,22.339,-150.00
Building.2584,1833.251,633.122,20.918,19.050,11.642,-60.00
Building.2585,1832.152,651.046,20.918,12.700,10.583,-135.00
Building.2586,1783.959,590.446,20.918,23.813,20.638,90.00
Building.2587,1755.565,576.287,20.918,13.229,11.113,-105.00
Building.2588,1775.783,570.305,20.918,9.525,6.350,-90.00
Building.2589,1792.238,558.666,20.918,12.700,7.938,75.00
Building.259,933.322,2513.887,20.918,8.992,12.907,-180.00
Building.2590,1848.805,609.246,20.918,30.692,28.046,120.00
Building.2591,1841.797,589.070,20.918,10.054,12.171,-150.00
Building.2592,1828.639,568.573,20.918,14.287,9.525,-45.00
Building.2593,1813.499,576.073,20.918,29.633,41.804,180.00
Building.2594,1828.412,551.845,20.918,9.525,15.346,-120.00
Building.2595,1749.293,664.583,20.918,18.521,12.700,-75.00
Building.2596,897.386,1018.895,20.918,29.757,22.693,-120.00
Building.2597,889.260,995.690,20.918,28.799,18.444,75.00
Building.2598,921.784,1081.201,20.918,21.828,12.568,75.00
Building.2599,924.804,1075.295,20.918,10.419,11.277,135.00
Building.260,1157.519,2536.402,20.918,24.606,11.095,90.00
Building.2600,940.172,1055.370,20.918,8.467,11.113,150.00
Building.2601,892.441,1069.411,20.918,9.525,13.229,-15.00
Building.2602,1013.492,1058.423,20.918,17.992,33.338,165.00
Building.2603,975.071,993.199,20.918,34.925,71.749,165.00
Building.2604,974.411,1038.702,20.918,19.146,29.104,-30.00
Building.2605,977.649,951.182,20.918,20.931,25.718,165.00
Building.2606,977.717,951.438,20.918,15.280,22.153,-15.00
Building.2607,958.684,965.976,20.918,19.477,42.863,-135.00
Building.2608,970.165,1012.798,20.918,13.830,13.591,120.00
Building.2609,1027.067,940.732,20.918,23.344,24.362,30.00
Building.261,1819.903,2614.284,20.918,44.450,25.400,-105.00
Building.2610,1074.167,959.599,20.918,14.068,26.559,165.00
Building.2611,1074.448,991.496,20.918,25.400,23.283,-120.00
Building.2612,1074.103,959.259,20.918,10.732,27.251,-15.00
Building.2613,1004.427,953.123,20.918,16.404,37.876,-15.00
Building.2614,1079.420,933.467,20.918,11.517,26.358,180.00
Building.2615,1060.833,936.569,20.918,12.551,26.886,0.00
Building.2616,1053.630,937.674,20.918,11.418,24.871,-15.00
Building.2617,1034.814,946.238,20.918,16.404,23.283,150.00
Building.2618,1045.680,944.116,20.918,15.773,35.922,0.00
Building.2619,1051.953,1030.098,20.918,52.916,63.500,15.00
Building.262,1860.823,2592.549,20.918,15.346,15.346,165.00
Building.2620,1030.715,1054.219,20.918,12.700,26.458,-15.00
Building.2621,1113.607,973.008,20.918,28.046,58.209,165.00
Building.2622,1149.359,916.751,20.918,37.042,16.933,-105.00
Building.2623,1165.953,1013.073,20.918,16.404,15.346,15.00
Building.2624,1197.671,986.825,20.918,10.583,25.400,0.00
Building.2625,1211.360,975.999,20.918,11.113,11.112,75.00
Building.2626,1381.823,849.204,20.918,20.637,37.571,90.00
Building.2627,1206.363,899.610,20.918,29.411,41.145,-15.00
Building.2628,1260.096,890.060,20.918,21.166,19.766,150.00
Building.2629,1239.877,881.213,20.918,21.392,19.453,-30.00
Building.263,1871.518,2610.961,20.918,14.023,12.435,-105.00
Building.2630,1195.672,910.000,20.918,23.025,26.658,60.00
Building.2631,1199.827,907.904,20.918,20.399,14.369,-120.00
Building.2632,1194.581,886.298,20.918,18.806,13.569,75.00
Building.2633,1240.234,881.903,20.918,17.747,23.898,150.00
Building.2634,1241.065,901.592,20.918,18.190,23.064,-135.00
Building.2635,1285.780,892.331,20.918,18.521,24.871,-135.00
Building.2636,1261.362,893.019,20.918,20.549,20.108,-30.00
Building.2637,1284.324,893.786,20.918,19.050,18.521,45.00
Building.2638,1288.478,883.889,20.918,19.050,23.812,-30.00
Building.2639,1319.582,857.814,20.918,20.744,18.251,-120.00
Building.264,1974.137,2561.912,20.918,13.352,17.054,-15.00
Building.2640,1303.404,865.941,20.918,18.352,18.544,-120.00
Building.2641,2276.321,303.480,20.918,27.865,50.579,165.00
Building.2642,2298.217,251.908,20.918,24.365,26.458,-45.00
Building.2643,2294.563,250.471,20.918,15.785,16.792,-45.00
Building.2644,2402.010,323.753,20.918,16.825,20.061,-15.00
Building.2645,2404.905,306.144,20.918,16.269,13.470,75.00
Building.2646,2369.416,247.308,20.918,37.270,63.913,60.00
Building.2647,2384.312,298.500,20.918,31.083,25.281,105.00
Building.2648,2373.509,293.484,20.918,18.877,12.332,-105.00
Building.2649,2332.168,265.276,20.918,43.657,24.871,75.00
Building.265,1955.739,2562.692,20.918,10.092,19.228,0.00
Building.2650,2379.476,265.435,20.918,14.552,13.560,-15.00
Building.2651,2402.080,286.361,20.918,22.592,43.521,165.00
Building.2652,2378.593,235.581,20.918,21.490,20.756,45.00
Building.2653,2311.771,197.056,20.918,31.089,21.497,-120.00
Building.2654,2258.028,244.635,20.918,13.560,14.221,-150.00
Building.2655,2259.198,219.814,20.918,44.648,25.136,-105.00
Building.2656,2235.978,236.648,20.918,17.529,46.633,-15.00
Building.2657,2234.142,373.556,20.918,6.946,8.599,-105.00
Building.2658,2186.816,388.469,20.918,13.891,10.914,-105.00
Building.2659,2169.020,394.981,20.918,15.544,13.229,-120.00
Building.266,1974.309,2562.695,20.918,11.108,22.051,165.00
Building.2660,2123.313,403.883,20.918,15.875,14.883,-135.00
Building.2661,2145.086,374.012,20.918,13.560,13.560,45.00
Building.2662,2172.157,349.646,20.918,20.505,18.521,135.00
Building.2663,2185.484,338.268,20.918,12.237,11.245,45.00
Building.2664,2204.697,327.365,20.918,10.583,11.245,135.00
Building.2665,2212.503,359.923,20.918,11.575,12.568,165.00
Building.2666,2221.910,384.897,20.918,13.229,15.544,-120.00
Building.2667,2231.636,358.146,20.918,6.284,9.922,180.00
Building.2668,2234.757,329.605,20.918,22.225,39.291,165.00
Building.2669,2211.751,316.125,20.918,5.953,8.334,15.00
Building.267,1983.306,2559.246,20.918,11.241,11.975,-30.00
Building.2670,1887.324,568.201,20.918,11.906,13.097,-135.00
Building.2671,1883.158,540.707,20.918,10.319,9.922,60.00
Building.2672,1915.699,519.549,20.918,17.066,17.066,150.00
Building.2673,1916.811,511.717,20.918,89.694,33.337,-105.00
Building.2674,1939.340,504.138,20.918,12.113,10.091,75.00
Building.2675,1901.677,540.469,20.918,10.319,5.953,90.00
Building.2676,1523.952,546.624,20.918,55.033,60.854,90.00
Building.2677,1526.614,596.515,20.918,10.583,9.525,-105.00
Building.2678,1503.037,457.039,20.918,26.194,22.225,-15.00
Building.2679,1494.309,484.951,20.918,24.209,17.859,-90.00
Building.268,1928.559,2578.906,20.918,29.633,33.867,-90.00
Building.2680,1526.306,488.486,20.918,57.547,19.844,90.00
Building.2681,1485.806,505.309,20.918,23.418,13.623,-90.00
Building.2682,1489.155,513.245,20.918,22.506,10.319,-135.00
Building.2683,1485.240,481.602,20.918,24.873,21.090,135.00
Building.2684,1485.143,463.370,20.918,26.591,8.408,90.00
Building.2685,1589.643,503.707,20.918,8.334,6.747,-105.00
Building.2686,1552.536,522.632,20.918,5.556,13.097,0.00
Building.2687,1582.619,466.890,20.918,30.358,34.576,-180.00
Building.2688,1576.420,445.683,20.918,23.188,14.920,-105.00
Building.2689,1575.906,445.876,20.918,23.867,15.476,75.00
Building.269,1899.343,2567.242,20.918,16.404,14.288,75.00
Building.2690,1594.320,465.839,20.918,15.081,16.288,165.00
Building.2691,1553.341,445.299,20.918,14.685,12.303,90.00
Building.2692,1544.578,434.563,20.918,7.541,13.891,-180.00
Building.2693,1556.191,419.984,20.918,8.731,10.319,0.00
Building.2694,1664.385,457.356,20.918,17.464,13.497,75.00
Building.2695,1662.087,447.911,20.918,20.465,17.466,60.00
Building.2696,1659.905,436.796,20.918,23.313,23.165,60.00
Building.2697,1661.686,400.160,20.918,15.399,15.993,-15.00
Building.2698,1664.187,382.812,20.918,19.363,14.518,75.00
Building.2699,1665.688,410.079,20.918,10.068,11.968,-15.00
Building.270,1617.612,2632.164,20.918,39.472,23.813,-60.00
Building.2700,1670.118,421.057,20.918,6.145,15.089,-15.00
Building.2701,1654.375,426.376,20.918,36.909,33.318,-30.00
Building.2702,1615.399,404.571,20.918,12.750,17.635,-15.00
Building.2703,1641.745,404.184,20.918,9.063,13.626,165.00
Building.2704,1601.994,409.440,20.918,12.679,17.675,-30.00
Building.2705,1615.610,405.529,20.918,8.164,16.712,165.00
Building.2706,1648.650,394.212,20.918,8.930,7.607,75.00
Building.2707,1774.738,463.343,20.918,47.899,81.652,-15.00
Building.2708,1721.735,492.235,20.918,37.306,36.909,75.00
Building.2709,1709.084,482.951,20.918,7.000,12.303,-120.00
Building.271,1617.045,2550.622,20.918,61.166,36.512,75.00
Building.2710,1715.732,415.391,20.918,20.890,71.512,-180.00
Building.2711,1729.191,462.689,20.918,47.412,24.210,-165.00
Building.2712,1804.433,462.419,20.918,58.544,94.874,180.00
Building.2713,1754.504,462.069,20.918,82.275,54.769,165.00
Building.2714,1785.327,515.159,20.918,18.781,13.891,-105.00
Building.2715,1795.158,501.023,20.918,17.255,14.417,75.00
Building.2716,1727.748,410.237,20.918,28.575,68.204,-15.00
Building.2717,1725.139,402.241,20.918,33.913,83.354,165.00
Building.2718,1724.819,426.816,20.918,17.072,42.156,150.00
Building.2719,1712.959,432.544,20.918,10.935,21.037,165.00
Building.272,1612.291,2572.061,20.918,21.395,26.380,120.00
Building.2720,1712.691,453.154,20.918,13.685,15.921,-105.00
Building.2721,1750.690,505.036,20.918,19.050,14.685,-105.00
Building.2722,1806.771,496.604,20.918,10.319,12.700,-15.00
Building.2723,1793.408,450.505,20.918,9.922,9.128,-15.00
Building.2724,1793.642,434.419,20.918,11.906,11.113,-120.00
Building.2725,1993.407,447.740,20.918,11.642,10.583,-105.00
Building.2726,1990.043,421.991,20.918,11.642,12.700,-135.00
Building.2727,1978.676,396.237,20.918,6.879,9.525,0.00
Building.2728,1973.932,378.479,20.918,13.097,8.731,30.00
Building.2729,1945.194,318.081,20.918,16.669,18.256,-45.00
Building.273,1603.265,2590.945,20.918,20.764,26.249,75.00
Building.2730,1870.054,344.071,20.918,99.616,90.091,180.00
Building.2731,1904.254,410.322,20.918,15.081,21.431,165.00
Building.2732,1922.839,456.783,20.918,29.766,31.750,-90.00
Building.2733,1879.949,483.024,20.918,31.167,29.098,-135.00
Building.2734,1861.323,468.134,20.918,28.236,28.693,45.00
Building.2735,2199.778,284.269,20.918,13.891,11.906,-120.00
Building.2736,2207.573,270.804,20.918,5.953,13.891,0.00
Building.2737,2197.956,256.503,20.918,10.319,13.097,15.00
Building.2738,2189.561,246.349,20.918,40.878,34.131,-135.00
Building.2739,2166.090,307.300,20.918,12.700,17.859,-135.00
Building.274,1608.902,2615.898,20.918,16.860,9.174,-105.00
Building.2740,2149.703,323.500,20.918,11.906,16.669,-135.00
Building.2741,2140.742,307.889,20.918,11.113,14.287,-45.00
Building.2742,2138.858,289.557,20.918,12.700,13.891,120.00
Building.2743,2148.138,279.965,20.918,14.685,11.509,-105.00
Building.2744,2117.445,342.229,20.918,14.684,13.494,120.00
Building.2745,2039.513,420.873,20.918,11.906,9.128,-120.00
Building.2746,2034.646,406.443,20.918,16.272,13.097,-120.00
Building.2747,2070.285,399.577,20.918,9.128,9.128,-120.00
Building.2748,2091.220,378.837,20.918,7.937,8.334,150.00
Building.2749,2084.739,361.939,20.918,10.319,8.731,150.00
Building.275,1619.463,2660.357,20.918,18.670,17.772,-135.00
Building.2750,2088.144,344.336,20.918,14.685,17.066,-30.00
Building.2751,2062.390,379.117,20.918,8.334,9.525,-30.00
Building.2752,2113.891,320.374,20.918,13.890,11.906,-120.00
Building.2753,2066.468,274.520,20.918,50.403,41.275,75.00
Building.2754,2075.471,284.089,20.918,40.481,21.828,-15.00
Building.2755,2085.477,302.801,20.918,19.447,21.431,-30.00
Building.2756,2026.593,285.292,20.918,11.112,9.922,150.00
Building.2757,2017.936,333.633,20.918,8.731,8.334,165.00
Building.2758,2014.156,316.020,20.918,9.128,11.906,-180.00
Building.2759,1998.646,297.123,20.918,11.509,10.716,-30.00
Building.276,1618.079,2652.935,20.918,21.598,14.024,-105.00
Building.2760,1882.842,268.043,20.918,16.669,15.081,-60.00
Building.2761,1915.147,265.006,20.918,15.478,10.716,-105.00
Building.2762,1895.654,253.272,20.918,17.066,9.922,-105.00
Building.2763,1909.045,242.015,20.918,19.050,12.303,-105.00
Building.2764,1929.860,214.628,20.918,19.050,11.113,75.00
Building.2765,1967.308,207.870,20.918,13.494,11.112,-105.00
Building.2766,1569.472,1457.191,20.918,17.992,14.288,75.00
Building.2767,1540.155,1461.921,20.918,16.404,30.163,-15.00
Building.2768,1581.046,1432.648,20.918,44.450,17.992,75.00
Building.2769,1624.834,1427.891,20.918,10.054,26.458,0.00
Building.277,1612.985,2636.802,20.918,12.344,11.959,-165.00
Building.2770,1620.706,1400.204,20.918,34.925,15.346,75.00
Building.2771,1553.659,1402.735,20.918,15.875,38.629,-15.00
Building.2772,1538.705,1407.862,20.918,13.229,37.571,180.00
Building.2773,1514.138,1412.757,20.918,16.933,37.571,165.00
Building.2774,1489.432,1416.721,20.918,17.463,39.159,165.00
Building.2775,1448.720,1424.620,20.918,12.700,35.983,0.00
Building.2776,1424.560,1428.065,20.918,13.758,39.158,-15.00
Building.2777,1409.656,1433.513,20.918,15.875,36.512,165.00
Building.2778,1437.544,1501.334,20.918,11.642,8.996,-90.00
Building.2779,1409.909,1507.588,20.918,16.933,13.229,-105.00
Building.278,1592.510,2577.575,20.918,12.999,33.440,-15.00
Building.2780,1478.694,1475.868,20.918,12.650,26.700,165.00
Building.2781,1475.694,1463.372,20.918,31.750,15.346,-105.00
Building.2782,1524.663,1465.628,20.918,10.054,29.633,180.00
Building.2783,1463.397,1478.074,20.918,9.182,25.984,-15.00
Building.2784,1485.341,1474.629,20.918,11.901,26.466,165.00
Building.2785,1596.384,1316.495,20.918,13.229,22.225,0.00
Building.2786,1565.162,1332.537,20.918,15.346,11.642,75.00
Building.2787,1523.596,1353.214,20.918,11.642,11.113,75.00
Building.2788,1489.711,1357.762,20.918,42.863,20.638,75.00
Building.2789,1493.061,1333.572,20.918,62.442,25.400,-105.00
Building.279,1695.272,2593.953,20.918,33.620,24.177,-180.00
Building.2790,1481.196,1289.977,20.918,60.325,24.342,75.00
Building.2791,1476.904,1260.957,20.918,68.262,29.104,75.00
Building.2792,1463.844,1239.828,20.918,40.216,17.992,75.00
Building.2793,1584.240,1238.031,20.918,13.229,19.050,0.00
Building.2794,1557.249,1242.952,20.918,10.054,16.404,0.00
Building.2795,1581.993,1168.866,20.918,12.171,21.167,165.00
Building.2796,1543.374,1173.439,20.918,11.642,13.229,75.00
Building.2797,1462.097,1195.417,20.918,26.988,16.404,-105.00
Building.2798,1397.118,1219.270,20.918,31.221,33.338,45.00
Building.2799,1401.560,1286.518,20.918,41.275,21.167,-105.00
Building.280,1692.419,2602.667,20.918,20.638,23.019,135.00
Building.2800,1422.900,1373.228,20.918,58.738,18.521,75.00
Building.2801,1641.327,1250.635,20.918,11.642,8.996,75.00
Building.2802,1632.827,1227.563,20.918,15.346,7.938,-90.00
Building.2803,1630.961,1206.895,20.918,12.700,7.408,90.00
Building.2804,1634.724,1190.175,20.918,15.875,12.700,-105.00
Building.2805,1618.677,1146.926,20.918,14.817,9.525,90.00
Building.2806,1657.153,1142.950,20.918,15.346,8.996,-90.00
Building.2807,1598.572,1139.477,20.918,7.408,10.054,-15.00
Building.2808,1185.558,1681.598,20.918,11.906,11.906,135.00
Building.2809,1181.306,1660.253,20.918,24.474,17.859,45.00
Building.281,1694.870,2623.133,20.918,12.700,16.272,0.00
Building.2810,1117.114,1638.988,20.918,23.812,16.404,45.00
Building.2811,1119.596,1614.973,20.918,14.817,20.108,30.00
Building.2812,1166.300,1555.620,20.918,16.404,17.992,15.00
Building.2813,1122.586,1527.264,20.918,10.583,10.583,-45.00
Building.2814,1129.028,1508.478,20.918,14.288,18.521,-30.00
Building.2815,1163.531,1466.517,20.918,13.759,15.875,45.00
Building.2816,968.184,1698.380,20.918,70.379,45.508,-90.00
Building.2817,867.662,1617.438,20.918,121.047,132.160,45.00
Building.2818,978.121,1555.097,20.918,21.696,21.167,30.00
Building.2819,1009.327,1541.522,20.918,22.225,21.696,-135.00
Building.282,1711.305,2599.715,20.918,16.813,18.674,180.00
Building.2820,974.005,1530.290,20.918,26.458,22.754,-90.00
Building.2821,1026.553,1519.793,20.918,11.113,12.700,-45.00
Building.2822,1044.956,1507.768,20.918,9.525,6.879,-105.00
Building.2823,1061.774,1490.065,20.918,17.991,14.817,-135.00
Building.2824,1014.222,1487.956,20.918,8.466,12.700,0.00
Building.2825,1015.093,1506.788,20.918,13.758,21.696,165.00
Building.2826,974.944,1502.702,20.918,12.171,15.346,165.00
Building.2827,744.310,1743.667,20.918,9.260,11.245,0.00
Building.2828,732.449,1742.160,20.918,9.260,9.260,-165.00
Building.2829,728.877,1707.309,20.918,21.167,13.229,75.00
Building.283,1672.739,2529.849,20.918,1.058,0.529,-105.00
Building.2830,723.242,1686.846,20.918,21.167,13.229,-90.00
Building.2831,718.105,1646.893,20.918,21.167,11.113,90.00
Building.2832,712.795,1621.996,20.918,20.108,12.171,75.00
Building.2833,707.755,1592.728,20.918,18.521,13.758,90.00
Building.2834,704.149,1564.225,20.918,26.987,11.112,-90.00
Building.2835,707.191,1531.899,20.918,30.692,12.171,90.00
Building.2836,683.583,1629.679,20.918,7.938,9.525,180.00
Building.2837,659.095,1636.182,20.918,14.288,15.346,-30.00
Building.2838,676.853,1714.533,20.918,9.525,11.112,165.00
Building.2839,678.576,1737.770,20.918,10.054,13.758,30.00
Building.284,1708.755,2548.483,20.918,25.807,22.754,180.00
Building.2840,850.992,1601.748,20.918,32.356,35.821,-135.00
Building.2841,852.359,1600.081,20.918,34.023,31.492,45.00
Building.2842,833.299,1629.215,20.918,10.716,9.922,-120.00
Building.2843,1307.193,1402.876,20.918,82.021,27.517,-105.00
Building.2844,1318.742,1327.845,20.918,34.925,14.288,75.00
Building.2845,1153.667,1393.034,20.918,10.054,10.584,-135.00
Building.2846,1144.747,1400.590,20.918,13.759,12.171,120.00
Building.2847,1097.179,1428.105,20.918,13.759,14.817,-75.00
Building.2848,1133.512,1324.768,20.918,11.642,12.171,0.00
Building.2849,1146.921,1365.664,20.918,15.875,17.992,-105.00
Building.285,1689.450,2540.851,20.918,20.638,35.776,165.00
Building.2850,1116.480,1325.867,20.918,30.957,38.629,-15.00
Building.2851,1136.875,1255.900,20.918,13.758,10.054,90.00
Building.2852,1096.831,1244.203,20.918,16.933,15.346,75.00
Building.2853,1109.397,1240.428,20.918,12.700,14.817,60.00
Building.2854,1098.620,1272.104,20.918,13.890,6.747,-105.00
Building.2855,1037.917,1287.843,20.918,11.906,13.494,165.00
Building.2856,1040.813,1262.164,20.918,9.922,12.303,150.00
Building.2857,1057.279,1259.885,20.918,10.716,10.319,-120.00
Building.2858,1075.851,1256.261,20.918,7.937,8.731,-105.00
Building.2859,1026.438,1265.403,20.918,6.350,14.287,180.00
Building.286,1727.807,2507.321,20.918,29.789,25.929,75.00
Building.2860,1016.070,1431.689,20.918,12.171,15.875,165.00
Building.2861,974.645,1438.307,20.918,16.933,19.050,135.00
Building.2862,972.779,1415.695,20.918,18.521,24.342,-165.00
Building.2863,1007.919,1393.457,20.918,14.287,20.638,135.00
Building.2864,995.479,1359.441,20.918,14.817,12.171,75.00
Building.2865,997.961,1333.702,20.918,15.346,15.346,135.00
Building.2866,965.700,1344.498,20.918,14.817,13.758,165.00
Building.2867,964.152,1376.464,20.918,14.817,17.462,165.00
Building.2868,982.369,1299.643,20.918,12.700,17.992,0.00
Building.2869,950.682,1314.586,20.918,13.758,15.875,-105.00
Building.287,1736.559,2520.975,20.918,19.579,21.222,60.00
Building.2870,968.327,1279.726,20.918,25.929,18.521,90.00
Building.2871,974.663,1273.129,20.918,14.817,11.444,-105.00
Building.2872,945.302,1281.673,20.918,11.906,10.319,-105.00
Building.2873,1047.636,1359.102,20.918,6.350,9.525,-15.00
Building.2874,1128.843,1193.852,20.918,9.922,8.334,-90.00
Building.2875,1106.374,1190.244,20.918,8.996,12.700,-180.00
Building.2876,1072.765,1192.832,20.918,8.996,17.463,0.00
Building.2877,1053.139,1198.076,20.918,6.879,13.229,15.00
Building.2878,1026.173,1202.476,20.918,11.642,13.229,60.00
Building.2879,1005.272,1206.789,20.918,8.996,8.996,75.00
Building.288,1701.192,2518.209,20.918,36.019,25.344,75.00
Building.2880,974.897,1215.244,20.918,9.525,10.583,-15.00
Building.2881,954.381,1220.859,20.918,10.612,13.765,0.00
Building.2882,954.472,1221.843,20.918,9.467,12.224,180.00
Building.2883,926.473,1222.249,20.918,11.642,12.700,60.00
Building.2884,988.702,1163.598,20.918,47.096,56.092,165.00
Building.2885,972.837,1168.860,20.918,21.167,22.225,-15.00
Building.2886,969.954,1129.840,20.918,16.404,13.229,-105.00
Building.2887,1083.207,1148.757,20.918,30.163,25.400,-45.00
Building.2888,1084.306,1149.732,20.918,11.991,12.171,135.00
Building.2889,907.163,1380.869,20.918,16.537,37.703,180.00
Building.289,1717.596,2530.269,20.918,28.190,20.402,60.00
Building.2890,837.966,1443.955,20.918,31.088,13.891,-105.00
Building.2891,774.002,1457.876,20.918,32.412,15.875,-105.00
Building.2892,759.525,1411.560,20.918,12.568,37.703,180.00
Building.2893,734.822,1341.110,20.918,12.700,8.996,90.00
Building.2894,731.808,1320.356,20.918,15.346,12.700,75.00
Building.2895,809.759,1322.884,20.918,127.529,93.134,75.00
Building.2896,1884.944,1236.453,20.918,13.852,24.842,-165.00
Building.2897,1930.924,36.288,20.918,13.494,8.731,-90.00
Building.2898,1827.830,238.588,20.918,33.734,80.698,-15.00
Building.2899,1794.322,241.621,20.918,29.104,59.532,-15.00
Building.290,2173.301,2385.733,20.918,39.837,31.236,30.00
Building.2900,1770.748,249.718,20.918,25.797,55.562,-15.00
Building.2901,1756.488,252.075,20.918,22.490,56.886,165.00
Building.2902,1717.510,266.478,20.918,26.458,54.240,-15.00
Building.2903,1806.030,189.448,20.918,5.159,7.541,-15.00
Building.2904,1818.200,166.972,20.918,10.319,17.463,165.00
Building.2905,1806.693,129.280,20.918,19.844,45.244,165.00
Building.2906,1748.868,94.462,20.918,41.672,18.256,75.00
Building.2907,1711.537,111.656,20.918,15.875,10.319,-105.00
Building.2908,1759.081,111.505,20.918,26.194,14.287,75.00
Building.2909,1740.203,116.575,20.918,7.144,6.747,150.00
Building.291,2180.767,2321.085,20.918,40.264,23.813,105.00
Building.2910,1715.796,129.667,20.918,22.225,12.303,-105.00
Building.2911,1774.557,193.045,20.918,15.479,11.906,-120.00
Building.2912,1723.745,211.466,20.918,13.891,16.669,-135.00
Building.2913,1751.559,152.631,20.918,97.235,55.960,-105.00
Building.2914,1710.353,299.827,20.918,10.319,35.719,165.00
Building.2915,1667.504,252.343,20.918,17.462,58.208,-15.00
Building.2916,1649.087,174.513,20.918,16.933,45.508,-15.00
Building.2917,1668.583,161.041,20.918,11.642,41.275,0.00
Building.2918,1501.369,208.329,20.918,28.575,51.858,30.00
Building.2919,1536.697,356.946,20.918,22.755,37.042,-15.00
Building.292,2204.144,2359.744,20.918,40.349,37.058,-60.00
Building.2920,1595.744,308.388,20.918,56.339,28.441,-105.00
Building.2921,1639.714,345.237,20.918,10.054,16.933,165.00
Building.2922,1621.672,348.917,20.918,8.996,17.463,-15.00
Building.2923,1568.133,272.338,20.918,25.929,23.284,-120.00
Building.2924,1491.474,359.593,20.918,34.925,86.784,0.00
Building.2925,1535.987,303.914,20.918,39.750,21.248,-105.00
Building.2926,1484.189,287.526,20.918,12.700,9.525,75.00
Building.2927,1484.162,274.317,20.918,15.875,9.525,75.00
Building.2928,1532.662,284.191,20.918,33.866,15.346,-105.00
Building.2929,1476.735,371.059,20.918,8.846,24.579,0.00
Building.293,2144.950,2392.772,20.918,36.868,59.034,-150.00
Building.2930,1491.250,370.799,20.918,6.621,26.458,-180.00
Building.2931,1509.917,347.199,20.918,20.637,44.450,-15.00
Building.2932,1538.229,311.201,20.918,39.392,20.325,75.00
Building.2933,1538.347,311.167,20.918,38.456,17.531,-105.00
Building.2934,1593.448,270.885,20.918,52.701,53.442,-105.00
Building.2935,1607.473,279.523,20.918,92.235,36.124,75.00
Building.2936,1660.831,324.511,20.918,18.502,19.415,-105.00
Building.2937,1648.363,292.186,20.918,22.609,38.999,-15.00
Building.2938,1621.122,318.148,20.918,25.929,16.953,75.00
Building.2939,1592.545,316.206,20.918,43.557,20.412,-105.00
Building.294,2135.660,2422.676,20.918,43.656,28.886,30.00
Building.2940,1592.264,316.307,20.918,43.484,22.887,75.00
Building.2941,1641.459,292.654,20.918,17.552,33.114,-15.00
Building.2942,1641.592,293.016,20.918,16.221,33.695,165.00
Building.2943,1635.727,295.373,20.918,21.593,37.034,165.00
Building.2944,1617.603,300.819,20.918,15.177,34.578,-15.00
Building.2945,1590.696,300.019,20.918,50.218,23.237,-105.00
Building.2946,1635.406,251.671,20.918,22.721,37.514,-15.00
Building.2947,1635.323,251.399,20.918,16.475,36.684,165.00
Building.2948,1629.292,253.279,20.918,15.527,37.504,165.00
Building.2949,1612.923,257.607,20.918,20.265,39.467,-15.00
Building.295,2166.435,2405.604,20.918,37.857,40.007,120.00
Building.2950,1658.280,343.484,20.918,19.068,22.729,-15.00
Building.2951,1660.245,324.682,20.918,16.734,10.955,75.00
Building.2952,1642.863,309.753,20.918,20.549,16.376,75.00
Building.2953,2271.993,258.566,20.918,45.643,40.653,45.00
Building.2954,2364.308,217.131,20.918,24.871,30.162,-120.00
Building.2955,2344.889,236.270,20.918,12.568,16.536,-30.00
Building.2956,2335.313,214.125,20.918,13.891,14.883,-30.00
Building.2957,2351.604,189.203,20.918,17.198,18.190,45.00
Building.2958,2377.346,191.512,20.918,9.922,18.015,165.00
Building.2959,2386.501,323.485,20.918,7.938,9.922,0.00
Building.296,2170.092,2398.157,20.918,29.937,25.338,120.00
Building.2960,2302.920,323.830,20.918,42.863,29.307,75.00
Building.2961,2271.365,342.239,20.918,19.844,21.167,-15.00
Building.2962,1321.950,869.982,20.918,48.684,24.629,-105.00
Building.2963,1315.676,872.222,20.918,35.949,16.933,75.00
Building.2964,1268.659,870.441,20.918,21.561,19.688,165.00
Building.2965,1269.077,871.592,20.918,16.842,21.567,-15.00
Building.2966,1294.174,863.483,20.918,16.250,20.264,165.00
Building.2967,1344.782,858.729,20.918,30.163,45.508,-180.00
Building.2968,1372.127,866.984,20.918,20.638,56.092,-165.00
Building.2969,1383.578,895.528,20.918,19.293,15.875,-90.00
Building.297,2199.239,2357.150,20.918,35.171,26.222,120.00
Building.2970,1382.015,871.060,20.918,14.178,11.135,105.00
Building.2971,1265.031,836.312,20.918,138.510,71.438,-30.00
Building.2972,1312.045,812.894,20.918,20.054,28.564,165.00
Building.2973,1274.089,822.717,20.918,21.281,25.696,-15.00
Building.2974,1260.272,824.955,20.918,24.260,22.747,150.00
Building.2975,1217.398,837.465,20.918,27.384,28.046,-15.00
Building.2976,1289.453,767.384,20.918,33.338,37.571,75.00
Building.2977,1305.038,763.673,20.918,18.417,12.700,75.00
Building.2978,1303.354,755.916,20.918,11.509,16.845,-15.00
Building.2979,1247.986,764.185,20.918,36.494,30.956,75.00
Building.298,2182.880,2373.062,20.918,29.015,33.023,-150.00
Building.2980,1258.569,797.315,20.918,18.653,13.891,-30.00
Building.2981,1264.468,780.267,20.918,13.489,15.258,30.00
Building.2982,1249.213,763.726,20.918,34.131,17.581,-105.00
Building.2983,1201.002,781.544,20.918,44.564,29.633,-105.00
Building.2984,1275.301,703.891,20.918,31.934,35.292,165.00
Building.2985,1277.303,726.055,20.918,25.545,21.564,105.00
Building.2986,1299.060,721.398,20.918,17.463,19.423,165.00
Building.2987,1275.826,706.201,20.918,20.280,31.353,90.00
Building.2988,1281.845,695.319,20.918,18.454,12.656,75.00
Building.2989,1294.334,707.401,20.918,13.494,13.519,150.00
Building.299,2169.512,2341.363,20.918,35.739,26.206,105.00
Building.2990,1237.015,715.939,20.918,34.545,43.447,-180.00
Building.2991,1245.917,734.104,20.918,21.735,16.335,75.00
Building.2992,1230.082,737.334,20.918,16.011,11.906,90.00
Building.2993,1224.711,705.563,20.918,9.393,17.398,180.00
Building.2994,1227.868,729.908,20.918,11.334,14.513,165.00
Building.2995,1246.479,733.929,20.918,20.997,12.952,-105.00
Building.2996,1245.332,724.565,20.918,17.796,10.819,-90.00
Building.2997,1198.687,758.754,20.918,35.983,23.402,-105.00
Building.2998,1205.166,711.634,20.918,21.167,26.606,165.00
Building.2999,1201.099,741.054,20.918,23.407,19.979,-105.00
Building.300,2152.339,2396.616,20.918,38.965,55.926,-150.00
Building.3000,1171.175,736.529,20.918,18.521,21.115,60.00
Building.3001,1180.373,753.262,20.918,15.838,20.638,165.00
Building.3002,1221.946,622.091,20.918,12.171,8.467,90.00
Building.3003,1219.555,613.035,20.918,9.525,18.521,-150.00
Building.3004,1157.936,871.264,20.918,89.694,46.066,-75.00
Building.3005,1102.014,885.929,20.918,18.168,28.611,-30.00
Building.3006,1109.282,884.509,20.918,18.594,27.827,-15.00
Building.3007,1093.185,860.981,20.918,13.504,23.018,-15.00
Building.3008,1102.263,860.137,20.918,12.700,21.909,-15.00
Building.3009,1087.385,861.854,20.918,11.322,22.310,-15.00
Building.301,2158.169,2366.237,20.918,27.897,16.675,-60.00
Building.3010,1090.733,888.873,20.918,16.189,29.734,165.00
Building.3011,1101.689,885.167,20.918,17.496,29.796,150.00
Building.3012,1095.209,886.689,20.918,14.873,30.417,165.00
Building.3013,1172.252,841.692,20.918,34.729,22.447,-90.00
Building.3014,1162.661,844.995,20.918,16.483,14.684,60.00
Building.3015,1178.589,813.746,20.918,19.753,26.194,165.00
Building.3016,1117.988,777.331,20.918,11.113,10.716,-15.00
Building.3017,1091.047,808.661,20.918,49.213,28.178,-180.00
Building.3018,1073.725,789.333,20.918,14.686,21.669,165.00
Building.3019,1086.358,763.518,20.918,19.050,17.859,75.00
Building.302,2173.271,2335.462,20.918,32.536,15.251,105.00
Building.3020,1083.330,786.939,20.918,15.539,21.760,165.00
Building.3021,1036.411,894.241,20.918,39.158,55.033,0.00
Building.3022,1067.631,878.101,20.918,20.985,65.088,-180.00
Building.3023,1055.912,898.981,20.918,16.404,32.279,-180.00
Building.3024,1002.163,909.126,20.918,13.758,24.871,165.00
Building.3025,1017.579,846.812,20.918,14.287,14.817,30.00
Building.3026,1028.014,828.772,20.918,8.996,12.700,165.00
Building.3027,937.271,900.829,20.918,21.166,34.396,-150.00
Building.3028,920.196,857.454,20.918,35.454,30.692,75.00
Building.3029,929.233,777.767,20.918,16.404,16.405,60.00
Building.303,2200.939,2366.322,20.918,30.135,28.560,120.00
Building.3030,922.702,771.480,20.918,25.929,14.817,-120.00
Building.3031,896.332,809.154,20.918,6.350,15.346,-180.00
Building.3032,1060.490,719.877,20.918,26.988,11.113,-75.00
Building.3033,1049.248,703.792,20.918,14.287,15.156,15.00
Building.3034,1049.640,681.859,20.918,22.225,24.342,0.00
Building.3035,951.744,687.548,20.918,26.325,16.679,60.00
Building.3036,955.027,693.027,20.918,22.416,17.356,60.00
Building.3037,987.500,787.971,20.918,12.171,14.817,60.00
Building.3038,1075.359,616.900,20.918,22.225,16.404,-120.00
Building.3039,1133.592,570.972,20.918,23.813,12.171,75.00
Building.304,2268.311,2290.399,20.918,30.595,28.100,120.00
Building.3040,1012.797,496.915,20.918,11.245,9.261,-150.00
Building.3041,757.865,787.800,20.918,53.578,29.766,-165.00
Building.3042,686.188,801.426,20.918,26.458,40.349,-30.00
Building.3043,679.868,613.955,20.918,33.734,29.104,-120.00
Building.3044,636.771,657.185,20.918,24.474,24.474,-120.00
Building.3045,681.124,758.918,20.918,22.490,21.167,-105.00
Building.3046,4147.391,2004.984,20.918,99.220,72.760,-60.00
Building.3047,4091.317,1930.050,20.918,31.750,29.104,-60.00
Building.3048,4017.678,1887.395,20.918,27.781,26.458,-60.00
Building.3049,4157.244,1954.400,20.918,20.638,21.431,-60.00
Building.305,2289.019,2253.089,20.918,57.674,28.443,105.00
Building.3050,4193.954,2033.327,20.918,11.906,16.669,15.00
Building.3051,4193.954,2033.327,20.918,11.906,11.245,15.00
Building.3052,281.186,2511.623,20.918,14.288,10.319,-90.00
Building.3053,280.814,2493.567,20.918,11.113,13.229,-75.00
Building.3054,193.109,2460.638,20.918,17.992,16.404,-60.00
Building.3055,168.516,2446.713,20.918,19.050,13.229,-75.00
Building.3056,173.538,2432.687,20.918,17.462,13.759,-60.00
Building.3057,132.219,2400.442,20.918,19.050,51.858,-180.00
Building.3058,170.449,2410.096,20.918,15.081,18.653,-150.00
Building.3059,164.474,2370.299,20.918,36.909,40.878,120.00
Building.306,2272.223,2280.189,20.918,24.797,26.084,-150.00
Building.3060,120.051,2348.242,20.918,27.384,36.513,-15.00
Building.3061,125.462,2286.178,20.918,32.941,31.353,-45.00
Building.3062,281.806,2341.828,20.918,13.097,19.447,150.00
Building.3063,1501.749,727.278,20.918,56.897,37.703,-90.00
Building.3064,1483.583,797.923,20.918,22.340,12.265,-90.00
Building.3065,1515.806,768.440,20.918,19.871,21.828,-45.00
Building.3066,1484.141,765.279,20.918,22.525,31.452,90.00
Building.3067,1508.542,767.259,20.918,16.011,26.987,-165.00
Building.3068,1516.058,785.538,20.918,19.447,7.669,-105.00
Building.3069,1515.319,785.652,20.918,17.313,6.906,75.00
Building.307,2256.443,2319.006,20.918,22.944,30.979,-135.00
Building.3070,883.990,1286.761,20.918,18.653,18.653,60.00
Building.3071,889.815,1314.603,20.918,12.700,7.144,-75.00
Building.3072,856.732,1191.163,20.918,44.450,25.400,90.00
Building.3073,849.455,1157.181,20.918,43.392,21.696,-105.00
Building.3074,815.967,1179.171,20.918,14.288,42.863,-15.00
Building.3075,773.396,1207.217,20.918,41.930,74.613,180.00
Building.3076,756.125,1228.631,20.918,11.883,32.808,165.00
Building.3077,755.959,1227.821,20.918,7.938,29.541,-15.00
Building.3078,759.722,1199.354,20.918,25.400,18.521,75.00
Building.3079,749.093,1211.307,20.918,12.171,18.521,-165.00
Building.308,1798.078,2544.025,20.918,19.715,14.019,-105.00
Building.3080,752.972,1191.997,20.918,11.807,23.742,180.00
Building.3081,694.025,1413.797,20.918,16.537,41.672,165.00
Building.3082,619.584,1399.056,20.918,25.929,47.096,-30.00
Building.3083,527.293,1427.359,20.918,105.833,32.808,-120.00
Building.3084,615.964,1254.372,20.918,116.417,96.573,-105.00
Building.3085,629.224,1273.072,20.918,42.995,46.302,-105.00
Building.3086,729.876,1142.051,20.918,46.038,20.108,75.00
Building.3087,715.360,1122.936,20.918,17.463,23.812,30.00
Building.3088,816.599,1046.777,20.918,24.342,26.458,135.00
Building.3089,513.759,1364.055,20.918,27.781,13.891,75.00
Building.309,1818.061,2581.434,20.918,58.209,31.750,-105.00
Building.3090,361.783,1377.027,20.918,31.750,14.552,-105.00
Building.3091,402.449,1404.385,20.918,26.459,14.552,90.00
Building.3092,401.318,1427.589,20.918,24.937,16.832,-90.00
Building.3093,343.135,1410.404,20.918,58.209,19.844,-90.00
Building.3094,280.840,1402.472,20.918,33.073,11.245,-90.00
Building.3095,249.133,1350.356,20.918,41.243,20.566,-75.00
Building.3096,243.752,1358.451,20.918,39.401,21.348,-75.00
Building.3097,330.898,1369.535,20.918,9.534,9.546,90.00
Building.3098,322.516,1370.252,20.918,8.948,8.730,90.00
Building.3099,331.510,1369.483,20.918,10.765,7.806,-90.00
Building.310,1783.809,2587.844,20.918,11.112,10.584,-30.00
Building.3100,322.587,1370.246,20.918,8.428,7.732,-90.00
Building.3101,329.697,1303.861,20.918,28.443,23.813,-15.00
Building.3102,1866.274,1216.084,20.918,16.150,13.285,120.00
Building.3103,1866.322,1234.635,20.918,19.015,18.566,-165.00
Building.3104,1494.858,11.232,20.918,5.783,2.218,90.00
Building.3105,1476.010,16.289,20.918,14.817,7.536,90.00
Building.3106,1476.034,16.290,20.918,14.233,5.388,-90.00
Building.3107,1478.443,38.848,20.918,13.229,12.700,-135.00
Building.3108,1499.214,84.083,20.918,32.279,20.637,-105.00
Building.3109,1558.316,68.796,20.918,54.504,24.342,75.00
Building.311,1805.757,2574.756,20.918,33.867,24.342,-120.00
Building.3110,1566.567,92.520,20.918,35.984,19.579,-105.00
Building.3111,1498.406,160.737,20.918,28.046,19.050,-105.00
Building.3112,1485.795,122.322,20.918,16.404,15.875,-105.00
Building.3113,1473.556,99.814,20.918,9.922,11.113,-30.00
Building.3114,1496.129,100.564,20.918,5.159,8.731,180.00
Building.3115,1601.214,140.885,20.918,25.400,17.066,-105.00
Building.3116,1557.600,152.246,20.918,35.719,18.256,-105.00
Building.3117,1540.032,128.820,20.918,15.081,58.340,165.00
Building.3118,1574.812,105.570,20.918,7.938,9.525,-165.00
Building.3119,1602.987,98.675,20.918,14.287,40.481,-15.00
Building.312,1771.912,2561.120,20.918,24.342,47.942,-15.00
Building.3120,1656.324,90.130,20.918,39.291,67.866,165.00
Building.3121,1651.895,76.029,20.918,21.649,28.846,-15.00
Building.3122,1668.156,72.128,20.918,13.097,25.003,-15.00
Building.3123,1676.116,49.481,20.918,12.303,17.292,165.00
Building.3124,1721.533,18.232,20.918,28.575,11.237,-105.00
Building.3125,1663.659,27.779,20.918,25.797,16.272,75.00
Building.3126,1734.601,54.723,20.918,25.466,65.815,165.00
Building.3127,1776.237,47.248,20.918,22.820,21.497,60.00
Building.3128,1808.948,60.389,20.918,13.560,14.221,-150.00
Building.3129,1780.799,81.375,20.918,19.844,17.529,-120.00
Building.313,1777.576,2541.452,20.918,15.087,20.199,-30.00
Building.3130,1756.985,921.753,20.918,22.308,27.552,135.00
Building.3131,1834.244,960.911,20.918,33.125,39.158,-150.00
Building.3132,1848.369,954.687,20.918,26.988,49.213,-150.00
Building.3133,1817.955,947.506,20.918,40.834,33.605,30.00
Building.3134,1807.670,921.157,20.918,21.167,37.042,30.00
Building.3135,1817.611,933.018,20.918,62.227,58.741,-120.00
Building.3136,1794.610,934.645,20.918,30.808,39.735,-150.00
Building.3137,1777.841,925.407,20.918,27.147,40.272,30.00
Building.3138,1789.948,875.532,20.918,38.395,23.519,135.00
Building.3139,1799.353,882.777,20.918,41.963,26.829,-45.00
Building.314,1792.582,2525.657,20.918,17.652,13.297,60.00
Building.3140,1773.053,876.078,20.918,22.058,14.546,-120.00
Building.3141,1790.905,862.426,20.918,27.186,10.347,75.00
Building.3142,1774.446,885.228,20.918,34.647,24.553,120.00
Building.3143,1763.539,921.262,20.918,26.797,36.728,30.00
Building.3144,1766.307,916.692,20.918,15.875,19.950,-150.00
Building.3145,1764.065,896.083,20.918,22.137,20.095,120.00
Building.3146,1757.272,902.605,20.918,19.641,14.985,135.00
Building.3147,1904.066,944.859,20.918,14.738,18.445,30.00
Building.3148,1907.773,927.706,20.918,7.408,6.350,-15.00
Building.3149,1935.201,967.146,20.918,32.279,21.690,-60.00
Building.315,1810.169,2549.849,20.918,14.525,19.950,150.00
Building.3150,1929.063,939.525,20.918,20.960,41.212,0.00
Building.3151,1936.286,936.539,20.918,16.674,40.280,-15.00
Building.3152,1928.229,909.258,20.918,26.041,19.568,75.00
Building.3153,1940.805,895.985,20.918,14.740,18.341,165.00
Building.3154,1918.266,898.638,20.918,12.700,16.933,-15.00
Building.3155,1926.112,879.889,20.918,23.579,18.521,-180.00
Building.3156,1930.345,881.212,20.918,13.472,16.234,-90.00
Building.3157,1891.497,933.619,20.918,14.375,22.528,15.00
Building.3158,1870.390,933.854,20.918,18.532,12.171,-75.00
Building.3159,1871.688,924.226,20.918,49.232,41.719,-105.00
Building.316,1835.542,2537.579,20.918,0.701,1.587,75.00
Building.3160,1882.329,912.262,20.918,12.171,9.525,60.00
Building.3161,1872.668,902.732,20.918,33.338,22.754,105.00
Building.3162,1840.256,894.544,20.918,23.658,21.167,-30.00
Building.3163,1856.262,881.212,20.918,25.561,29.104,120.00
Building.3164,1818.974,855.092,20.918,13.982,10.371,75.00
Building.3165,1845.679,871.820,20.918,18.521,23.548,0.00
Building.3166,1840.039,870.513,20.918,10.958,22.257,165.00
Building.3167,1825.454,873.810,20.918,12.227,19.082,-30.00
Building.3168,1832.723,857.260,20.918,10.828,9.622,-105.00
Building.3169,1821.727,861.684,20.918,9.633,7.858,75.00
Building.317,1830.110,2527.335,20.918,18.879,22.225,150.00
Building.3170,1831.290,857.837,20.918,10.889,9.723,75.00
Building.3171,1920.184,864.129,20.918,16.933,19.050,165.00
Building.3172,1926.122,853.276,20.918,16.933,13.595,75.00
Building.3173,1929.941,864.142,20.918,11.190,12.700,60.00
Building.3174,1875.255,878.498,20.918,15.875,27.178,-165.00
Building.3175,1882.784,865.235,20.918,14.817,17.462,-120.00
Building.3176,1886.643,844.815,20.918,81.492,35.983,-105.00
Building.3177,1894.830,861.417,20.918,16.404,24.283,-15.00
Building.3178,1921.579,839.467,20.918,19.355,18.852,60.00
Building.3179,2374.278,639.263,20.918,44.990,51.329,-105.00
Building.318,1846.937,2542.169,20.918,39.688,26.458,-30.00
Building.3180,2467.964,531.833,20.918,26.040,36.714,165.00
Building.3181,2454.398,546.014,20.918,18.405,41.275,165.00
Building.3182,2472.129,547.882,20.918,33.709,21.020,75.00
Building.3183,2481.401,558.287,20.918,23.937,12.883,60.00
Building.3184,2488.237,583.656,20.918,24.256,19.690,-105.00
Building.3185,2487.196,592.452,20.918,25.204,21.742,0.00
Building.3186,2492.809,616.491,20.918,24.871,21.605,-60.00
Building.3187,2444.333,611.340,20.918,53.975,34.396,60.00
Building.3188,2429.410,635.881,20.918,21.167,17.463,-120.00
Building.3189,2466.920,620.952,20.918,61.420,29.160,60.00
Building.319,1844.873,2487.855,20.918,33.338,79.074,30.00
Building.3190,2417.875,642.259,20.918,51.384,24.796,180.00
Building.3191,2397.954,625.438,20.918,21.410,20.377,60.00
Building.3192,2465.856,524.414,20.918,19.538,22.000,-15.00
Building.3193,2474.768,530.217,20.918,19.367,21.551,60.00
Building.3194,2374.606,629.887,20.918,15.875,16.933,-120.00
Building.3195,2416.937,613.116,20.918,5.556,7.144,-120.00
Building.3196,2330.759,673.166,20.918,11.642,10.054,-120.00
Building.3197,2312.110,625.771,20.918,15.346,28.046,-15.00
Building.3198,2263.413,613.358,20.918,76.729,34.925,75.00
Building.3199,2233.075,608.187,20.918,17.463,15.346,-120.00
Building.320,1831.828,2462.562,20.918,13.758,14.817,-60.00
Building.3200,2280.945,583.224,20.918,10.583,7.408,60.00
Building.3201,2306.623,583.722,20.918,11.113,7.938,-105.00
Building.3202,2234.848,677.849,20.918,31.750,46.567,165.00
Building.3203,2209.094,639.129,20.918,8.996,10.583,-15.00
Building.3204,2205.394,687.664,20.918,8.467,9.525,165.00
Building.3205,2171.474,693.474,20.918,13.759,9.525,75.00
Building.3206,2140.924,704.248,20.918,10.054,11.642,75.00
Building.3207,2161.911,674.630,20.918,72.496,29.633,75.00
Building.3208,2154.441,653.944,20.918,73.554,31.750,75.00
Building.3209,2149.836,639.095,20.918,15.346,12.700,75.00
Building.321,1821.591,2513.980,20.918,13.890,15.478,-45.00
Building.3210,2126.562,645.560,20.918,19.579,14.817,75.00
Building.3211,2057.951,729.639,20.918,96.309,87.313,165.00
Building.3212,2075.653,691.739,20.918,11.113,21.167,-120.00
Building.3213,2022.150,672.521,20.918,8.334,12.303,180.00
Building.3214,1904.895,803.662,20.918,21.828,16.537,-105.00
Building.3215,1891.370,745.104,20.918,26.798,31.443,30.00
Building.3216,1886.078,726.583,20.918,24.471,13.237,-90.00
Building.3217,1896.653,772.045,20.918,25.136,21.775,-60.00
Building.3218,1898.731,773.357,20.918,25.136,19.182,120.00
Building.3219,1895.018,740.007,20.918,21.530,18.943,-150.00
Building.322,1801.620,2497.843,20.918,62.706,31.717,-105.00
Building.3220,1881.263,711.203,20.918,17.860,15.214,-135.00
Building.3221,1882.754,709.884,20.918,21.852,15.214,45.00
Building.3222,1845.279,757.095,20.918,72.524,72.733,105.00
Building.3223,1785.125,829.627,20.918,25.397,29.739,30.00
Building.3224,1826.160,815.337,20.918,38.364,19.179,-60.00
Building.3225,1810.774,835.952,20.918,18.192,14.471,-105.00
Building.3226,1794.066,811.094,20.918,18.563,22.575,30.00
Building.3227,1818.802,786.745,20.918,26.608,19.504,120.00
Building.3228,1812.105,796.120,20.918,25.031,14.555,120.00
Building.3229,1850.696,813.885,20.918,25.742,21.167,-150.00
Building.323,1806.204,2507.613,20.918,0.066,0.397,75.00
Building.3230,1837.686,793.285,20.918,27.814,10.583,105.00
Building.3231,1823.332,823.634,20.918,22.890,26.458,-150.00
Building.3232,1872.974,800.259,20.918,15.478,12.303,-90.00
Building.3233,1858.842,732.490,20.918,42.333,24.474,-60.00
Building.3234,1843.503,767.429,20.918,16.537,22.490,-150.00
Building.3235,1865.121,711.544,20.918,51.594,25.113,-120.00
Building.3236,1860.823,714.064,20.918,19.844,20.505,60.00
Building.3237,1758.094,828.381,20.918,13.758,16.933,-135.00
Building.3238,1765.145,808.118,20.918,12.700,14.288,-165.00
Building.3239,1749.111,759.706,20.918,37.042,30.692,-150.00
Building.324,1759.233,2515.286,20.918,18.910,23.416,-30.00
Building.3240,1774.105,774.864,20.918,28.046,19.579,-60.00
Building.3241,1781.919,751.239,20.918,16.404,18.521,45.00
Building.3242,1782.142,743.231,20.918,31.750,30.827,30.00
Building.3243,1768.020,756.962,20.918,17.992,19.579,120.00
Building.3244,1785.364,747.794,20.918,26.436,26.458,-135.00
Building.3245,1708.340,834.049,20.918,25.929,53.975,-45.00
Building.3246,1606.955,820.550,20.918,20.108,39.117,15.00
Building.3247,1665.232,843.106,20.918,8.591,24.934,15.00
Building.3248,1657.661,832.208,20.918,16.012,41.261,15.00
Building.3249,1647.610,834.270,20.918,16.223,32.590,15.00
Building.325,1759.131,2490.313,20.918,13.803,17.756,60.00
Building.3250,1639.773,832.356,20.918,16.602,31.583,15.00
Building.3251,1626.766,789.646,20.918,21.167,27.580,-180.00
Building.3252,1631.337,825.269,20.918,17.819,41.499,15.00
Building.3253,1630.883,827.313,20.918,15.980,37.158,-165.00
Building.3254,1614.778,826.213,20.918,13.867,32.409,15.00
Building.3255,17.602,1792.818,20.918,22.225,19.050,-75.00
Building.3256,252.729,1804.854,20.918,19.844,18.256,165.00
Building.3257,351.097,1525.555,20.918,15.081,15.875,-165.00
Building.3258,111.452,1102.894,20.918,41.275,38.100,-60.00
Building.3259,167.508,1140.869,20.918,31.221,55.033,45.00
Building.326,1799.898,2486.942,20.918,17.763,14.814,-120.00
Building.3260,153.600,1112.046,20.918,20.638,26.458,30.00
Building.3261,529.730,954.629,20.918,29.633,25.400,-120.00
Building.3262,494.865,536.268,20.918,23.151,18.521,-105.00
Building.3263,468.041,544.008,20.918,15.214,11.906,-105.00
Building.3264,438.446,539.713,20.918,21.828,21.828,75.00
Building.3265,502.028,507.261,20.918,26.458,20.505,-120.00
Building.3266,511.081,483.617,20.918,8.466,12.171,165.00
Building.3267,476.729,474.297,20.918,18.521,13.759,-105.00
Building.3268,493.563,445.864,20.918,15.875,22.225,-30.00
Building.3269,1878.055,1221.256,20.918,14.290,11.820,120.00
Building.327,1790.510,2513.831,20.918,35.522,23.666,-105.00
Building.3270,1875.384,1210.762,20.918,17.385,20.472,-165.00
Building.3271,1891.337,1217.684,20.918,16.575,19.780,-150.00
Building.3272,1881.401,1213.580,20.918,11.668,17.978,-165.00
Building.3273,1852.318,1219.079,20.918,16.332,25.222,135.00
Building.3274,1860.001,1214.807,20.918,13.229,18.503,-150.00
Building.3275,1900.032,1199.161,20.918,25.965,23.413,-150.00
Building.3276,1905.151,1177.759,20.918,25.993,20.335,120.00
Building.3277,1883.959,1192.990,20.918,17.412,22.344,30.00
Building.3278,1882.067,1196.300,20.918,17.253,18.818,-150.00
Building.3279,1867.545,1189.711,20.918,12.342,19.447,-150.00
Building.328,1782.549,2494.638,20.918,25.575,25.825,-120.00
Building.3280,1873.466,1192.244,20.918,15.744,18.918,-150.00
Building.3281,1856.837,1174.852,20.918,34.805,21.417,-60.00
Building.3282,1849.198,1170.968,20.918,34.295,15.729,120.00
Building.3283,1886.584,1176.290,20.918,14.997,13.719,105.00
Building.3284,1873.914,1176.986,20.918,9.507,11.642,30.00
Building.3285,1839.699,1151.707,20.918,13.263,29.501,180.00
Building.3286,1846.313,1156.026,20.918,11.172,23.969,-150.00
Building.3287,1887.071,1176.474,20.918,14.455,10.492,-75.00
Building.3288,1883.483,1171.377,20.918,10.172,9.364,-135.00
Building.3289,1933.144,1199.263,20.918,11.906,12.303,-150.00
Building.329,1820.982,2465.813,20.918,16.176,24.631,165.00
Building.3290,1843.356,1123.128,20.918,44.429,26.873,-75.00
Building.3291,1941.717,1154.670,20.918,14.861,18.345,-165.00
Building.3292,1914.285,1165.192,20.918,16.780,18.931,-150.00
Building.3293,1939.667,1179.263,20.918,13.721,16.670,30.00
Building.3294,1939.779,1179.090,20.918,15.253,17.235,-150.00
Building.3295,1932.081,1174.626,20.918,14.925,18.232,-150.00
Building.3296,1914.054,1165.647,20.918,15.567,18.514,30.00
Building.3297,1921.528,1149.475,20.918,18.304,22.793,-150.00
Building.3298,1930.449,1153.544,20.918,16.935,23.353,-150.00
Building.3299,1936.182,1168.666,20.918,22.616,19.299,-60.00
Building.330,1812.571,2471.858,20.918,15.238,20.124,150.00
Building.3300,1941.882,1154.208,20.918,9.492,14.354,15.00
Building.3301,1891.424,1143.762,20.918,27.836,40.121,-165.00
Building.3302,1908.208,1151.176,20.918,22.085,34.665,-150.00
Building.3303,1896.059,1144.737,20.918,10.559,9.460,120.00
Building.3304,1901.135,1130.083,20.918,13.039,13.356,105.00
Building.3305,1875.453,1153.681,20.918,13.097,16.016,-60.00
Building.3306,1876.666,1136.929,20.918,18.314,31.590,-165.00
Building.3307,1855.542,1140.233,20.918,7.144,9.287,30.00
Building.3308,1869.879,1133.467,20.918,17.951,31.941,-165.00
Building.3309,1849.602,1132.808,20.918,14.899,18.653,15.00
Building.331,1797.013,2469.808,20.918,11.046,10.399,60.00
Building.3310,1849.765,1132.171,20.918,15.375,15.853,-165.00
Building.3311,1815.742,1112.208,20.918,11.377,26.987,-15.00
Building.3312,1837.254,1111.126,20.918,12.470,11.637,-135.00
Building.3313,1823.209,1110.673,20.918,8.727,19.396,-15.00
Building.3314,1875.822,1046.616,20.918,33.818,33.700,180.00
Building.3315,1968.639,1104.251,20.918,24.301,34.169,30.00
Building.3316,1902.314,1104.041,20.918,26.646,21.742,120.00
Building.3317,1866.245,1103.980,20.918,24.646,20.427,-75.00
Building.3318,1877.616,1099.800,20.918,17.948,19.020,30.00
Building.3319,1909.661,1114.394,20.918,14.487,14.147,30.00
Building.332,1794.793,2474.529,20.918,9.654,8.612,150.00
Building.3320,1931.663,1091.369,20.918,29.641,48.257,-150.00
Building.3321,1913.383,1082.288,20.918,30.896,49.949,30.00
Building.3322,1892.517,1077.299,20.918,55.130,50.404,30.00
Building.3323,1900.538,1064.756,20.918,26.684,30.854,-90.00
Building.3324,1889.831,1063.634,20.918,30.212,38.455,-135.00
Building.3325,1839.379,1073.030,20.918,27.781,16.070,-75.00
Building.3326,1862.593,1086.484,20.918,21.293,30.358,-150.00
Building.3327,1847.894,1081.277,20.918,19.315,30.161,30.00
Building.3328,1831.998,1090.317,20.918,25.458,16.610,-75.00
Building.3329,1838.350,1072.631,20.918,26.001,15.727,105.00
Building.333,1840.933,2521.638,20.918,8.797,9.375,-30.00
Building.3330,1977.948,1191.157,20.918,35.997,42.611,-90.00
Building.3331,1974.061,1177.593,20.918,33.038,28.315,0.00
Building.3332,1967.705,1155.572,20.918,19.582,11.775,90.00
Building.3333,1984.007,1153.426,20.918,14.051,11.935,90.00
Building.3334,1970.079,1125.289,20.918,33.454,58.682,30.00
Building.3335,1964.447,1121.978,20.918,15.185,10.500,105.00
Building.3336,1921.336,1126.368,20.918,16.821,15.754,-75.00
Building.3337,1938.620,1133.392,20.918,24.811,16.378,-75.00
Building.3338,1956.211,1131.220,20.918,15.014,20.042,-150.00
Building.3339,1961.766,1138.763,20.918,12.037,9.260,-120.00
Building.334,1835.338,2522.606,20.918,10.233,9.097,150.00
Building.3340,1943.032,1097.856,20.918,34.412,49.630,-150.00
Building.3341,1943.104,1097.715,20.918,17.951,31.421,30.00
Building.3342,1950.339,1098.391,20.918,37.318,42.757,30.00
Building.3343,1961.479,1101.837,20.918,22.651,35.972,30.00
Building.3344,1807.956,1012.031,20.918,11.906,39.203,180.00
Building.3345,1842.361,1021.603,20.918,12.981,23.848,-150.00
Building.3346,1838.952,1036.717,20.918,24.383,38.624,-30.00
Building.3347,1859.282,1036.044,20.918,19.197,26.309,-150.00
Building.3348,1854.043,1045.443,20.918,29.373,41.789,30.00
Building.3349,1828.835,1005.581,20.918,10.797,9.894,120.00
Building.335,1840.586,2520.976,20.918,9.037,8.908,150.00
Building.3350,1824.456,1075.927,20.918,15.276,22.044,-165.00
Building.3351,1809.267,1072.762,20.918,8.059,23.293,-15.00
Building.3352,1822.383,1066.555,20.918,15.869,8.720,-105.00
Building.3353,1831.768,1061.085,20.918,34.565,15.662,-75.00
Building.3354,1804.525,1042.076,20.918,14.591,19.447,-15.00
Building.3355,1815.419,1034.083,20.918,24.206,34.528,0.00
Building.3356,1811.528,1007.665,20.918,15.557,27.169,0.00
Building.3357,1815.358,1056.718,20.918,11.789,11.421,-165.00
Building.3358,2058.946,1084.084,20.918,43.291,48.471,-180.00
Building.3359,2012.542,1055.293,20.918,16.128,33.898,-150.00
Building.336,1907.114,2535.173,20.918,22.134,25.453,0.00
Building.3360,2016.334,1069.757,20.918,44.848,62.686,-165.00
Building.3361,2044.963,1076.500,20.918,21.784,37.464,-150.00
Building.3362,2030.562,1070.335,20.918,20.323,35.658,30.00
Building.3363,2031.107,1069.189,20.918,25.481,38.102,-150.00
Building.3364,2018.383,1063.711,20.918,18.930,35.039,-165.00
Building.3365,2006.027,1046.458,20.918,13.223,17.648,-150.00
Building.3366,2096.764,1071.359,20.918,22.318,25.624,-165.00
Building.3367,2071.754,1069.015,20.918,13.230,14.984,-60.00
Building.3368,2078.238,1092.825,20.918,23.307,41.958,15.00
Building.3369,2069.687,1109.094,20.918,23.279,25.294,-180.00
Building.337,1888.335,2523.253,20.918,11.894,14.143,60.00
Building.3370,2061.088,1104.396,20.918,17.463,19.470,-150.00
Building.3371,3172.680,64.632,20.918,12.700,16.404,135.00
Building.3372,3165.343,46.394,20.918,14.287,12.700,-45.00
Building.3373,3189.820,24.413,20.918,19.001,23.137,-150.00
Building.3374,1630.049,796.656,20.918,32.125,22.754,60.00
Building.3375,1644.226,783.106,20.918,13.758,16.404,135.00
Building.3376,1627.271,785.096,20.918,8.336,15.694,0.00
Building.3377,1578.453,819.110,20.918,19.710,23.283,-180.00
Building.3378,1525.266,806.274,20.918,20.297,19.771,75.00
Building.3379,1560.327,812.606,20.918,15.507,32.710,-180.00
Building.338,1912.559,2517.535,20.918,13.286,13.157,150.00
Building.3380,1536.955,812.435,20.918,9.719,24.802,0.00
Building.3381,1571.106,793.023,20.918,24.721,20.397,75.00
Building.3382,1585.993,819.146,20.918,8.998,22.276,-180.00
Building.3383,1595.577,887.847,20.918,13.010,31.625,165.00
Building.3384,1563.332,867.529,20.918,31.466,29.765,45.00
Building.3385,1551.467,888.511,20.918,16.999,14.471,30.00
Building.3386,1544.638,901.985,20.918,29.957,31.216,30.00
Building.3387,1563.714,898.990,20.918,14.882,25.858,0.00
Building.3388,1611.773,896.685,20.918,24.693,18.433,-105.00
Building.3389,1584.978,887.457,20.918,16.618,39.742,180.00
Building.339,1903.889,2521.923,20.918,11.221,13.084,150.00
Building.3390,1603.930,888.844,20.918,14.137,28.220,-150.00
Building.3391,1580.293,935.678,20.918,12.700,12.171,45.00
Building.3392,1550.442,942.814,20.918,14.817,19.452,30.00
Building.3393,1565.053,953.769,20.918,12.666,14.817,30.00
Building.3394,1565.252,953.460,20.918,13.331,16.244,-150.00
Building.3395,1640.245,926.652,20.918,45.673,35.983,45.00
Building.3396,1659.430,963.971,20.918,14.288,26.043,45.00
Building.3397,1650.693,986.596,20.918,32.602,35.983,-45.00
Building.3398,1645.953,973.468,20.918,43.368,44.022,-45.00
Building.3399,1654.160,949.787,20.918,35.983,25.929,120.00
Building.340,1918.331,2530.192,20.918,0.104,0.265,75.00
Building.3400,1658.427,937.572,20.918,18.439,20.637,60.00
Building.3401,1629.244,957.045,20.918,17.992,18.008,-150.00
Building.3402,1775.094,1103.684,20.918,44.898,35.208,165.00
Building.3403,1786.507,1130.660,20.918,36.509,24.091,165.00
Building.3404,1798.192,1123.100,20.918,15.715,14.646,165.00
Building.3405,1791.416,1153.829,20.918,21.166,23.347,-45.00
Building.3406,1785.990,1108.966,20.918,19.772,13.465,75.00
Building.3407,1776.805,1109.671,20.918,12.374,22.509,165.00
Building.3408,1785.327,1109.123,20.918,20.894,11.113,-105.00
Building.3409,1710.083,932.468,20.918,15.805,20.538,135.00
Building.341,1898.390,2539.561,20.918,14.199,21.108,165.00
Building.3410,1704.662,956.444,20.918,12.351,23.362,-150.00
Building.3411,1722.997,1067.447,20.918,11.642,8.996,-60.00
Building.3412,1710.869,1039.082,20.918,17.992,30.162,135.00
Building.3413,1745.790,976.784,20.918,42.256,44.634,30.00
Building.3414,1751.466,1062.557,20.918,17.727,26.987,-45.00
Building.3415,1775.910,1064.354,20.918,10.054,12.836,-15.00
Building.3416,1767.808,1060.088,20.918,16.245,14.287,75.00
Building.3417,1772.129,1053.500,20.918,14.427,12.806,-15.00
Building.3418,1771.741,1052.552,20.918,11.113,14.817,165.00
Building.3419,1765.771,1033.482,20.918,19.821,30.070,-15.00
Building.342,1892.304,2510.311,20.918,25.135,16.669,-105.00
Building.3420,1766.696,1036.930,20.918,13.229,26.458,165.00
Building.3421,1733.768,1045.541,20.918,17.033,12.718,-45.00
Building.3422,1741.581,1043.511,20.918,13.629,8.996,-30.00
Building.3423,1733.875,960.290,20.918,20.872,30.874,-150.00
Building.3424,1749.076,970.030,20.918,23.237,34.965,-150.00
Building.3425,1738.927,963.683,20.918,17.661,30.528,-150.00
Building.3426,1720.177,951.831,20.918,19.489,27.067,30.00
Building.3427,1760.607,1013.059,20.918,22.717,27.674,-15.00
Building.3428,1768.020,997.811,20.918,20.268,17.270,-120.00
Building.3429,1767.014,978.279,20.918,11.131,12.143,30.00
Building.343,1881.324,2470.846,20.918,12.700,12.170,180.00
Building.3430,1740.155,1012.097,20.918,28.504,33.849,-180.00
Building.3431,1720.741,984.958,20.918,29.002,28.308,60.00
Building.3432,1715.834,978.742,20.918,25.403,31.750,-150.00
Building.3433,1737.383,1027.924,20.918,23.913,13.003,75.00
Building.3434,1749.426,1012.795,20.918,10.155,12.442,-180.00
Building.3435,1707.781,1004.910,20.918,22.754,19.138,45.00
Building.3436,1716.723,1030.444,20.918,24.263,22.088,-45.00
Building.3437,1643.493,996.713,20.918,12.485,24.951,-165.00
Building.3438,1664.869,1035.805,20.918,13.303,22.180,45.00
Building.3439,1660.458,1023.825,20.918,21.511,21.777,45.00
Building.344,1881.401,2495.878,20.918,17.463,11.377,-105.00
Building.3440,1664.641,1029.041,20.918,16.526,19.734,45.00
Building.3441,1641.362,1014.137,20.918,38.022,31.180,120.00
Building.3442,1598.775,989.955,20.918,13.906,12.976,-45.00
Building.3443,1616.116,1004.454,20.918,12.664,11.773,-45.00
Building.3444,1612.281,992.561,20.918,12.567,12.122,120.00
Building.3445,1610.245,975.792,20.918,19.588,16.633,120.00
Building.3446,1628.244,995.609,20.918,15.024,16.879,-150.00
Building.3447,1612.493,984.196,20.918,17.226,15.826,45.00
Building.3448,1655.815,1014.001,20.918,19.120,18.305,45.00
Building.3449,1654.905,1014.894,20.918,20.563,17.574,-135.00
Building.345,1890.490,2449.603,20.918,11.933,21.797,0.00
Building.3450,1650.638,997.052,20.918,13.975,15.544,135.00
Building.3451,1637.257,1011.091,20.918,8.508,7.761,-60.00
Building.3452,1627.027,997.707,20.918,9.039,18.998,30.00
Building.3453,1663.634,1087.795,20.918,7.144,7.938,-75.00
Building.3454,1643.355,1087.973,20.918,10.715,7.540,-90.00
Building.3455,1624.768,1092.939,20.918,14.288,17.462,-90.00
Building.3456,1602.916,1090.779,20.918,32.544,36.116,-105.00
Building.3457,1629.013,1052.300,20.918,6.747,9.525,180.00
Building.3458,1605.827,1058.880,20.918,15.478,15.875,-75.00
Building.3459,1595.598,1015.130,20.918,39.291,42.863,120.00
Building.346,1157.119,2536.385,20.918,23.758,9.774,-90.00
Building.3460,1589.802,1062.818,20.918,9.525,9.525,-105.00
Building.3461,1553.365,1027.612,20.918,13.047,21.602,30.00
Building.3462,1545.948,1100.996,20.918,8.731,10.716,60.00
Building.3463,1526.492,1102.337,20.918,11.906,11.509,105.00
Building.3464,1502.609,1106.592,20.918,11.112,11.112,105.00
Building.3465,1489.701,1127.618,20.918,8.334,7.541,-120.00
Building.3466,1494.478,1093.762,20.918,78.978,83.741,30.00
Building.3467,1565.650,1099.114,20.918,10.734,26.006,-15.00
Building.3468,1572.768,1097.872,20.918,7.152,25.649,0.00
Building.3469,1561.735,1077.361,20.918,15.012,21.971,-15.00
Building.347,521.232,2530.876,20.918,50.271,13.891,-90.00
Building.3470,1569.583,1057.687,20.918,13.064,16.195,165.00
Building.3471,1561.044,1051.635,20.918,13.068,13.472,-75.00
Building.3472,1559.860,1036.629,20.918,11.433,12.097,30.00
Building.3473,1433.545,1103.103,20.918,11.642,11.642,-135.00
Building.3474,1389.439,1127.548,20.918,11.642,13.758,-15.00
Building.3475,1368.778,1141.679,20.918,13.759,12.700,-60.00
Building.3476,1348.411,1143.326,20.918,8.466,9.525,165.00
Building.3477,1322.309,1152.926,20.918,11.642,11.113,-105.00
Building.3478,1297.257,1157.091,20.918,11.112,11.642,-120.00
Building.3479,1274.658,1155.168,20.918,9.525,13.229,60.00
Building.348,678.432,2520.779,20.918,16.536,36.380,180.00
Building.3480,1255.918,1163.157,20.918,8.467,11.112,0.00
Building.3481,1239.792,1163.957,20.918,10.054,10.054,75.00
Building.3482,1190.328,1182.371,20.918,16.933,18.521,-105.00
Building.3483,1210.162,1143.466,20.918,20.638,13.229,105.00
Building.3484,1312.155,1116.670,20.918,29.104,14.817,75.00
Building.3485,1284.559,1120.974,20.918,7.938,18.521,-15.00
Building.3486,1333.548,1101.980,20.918,19.050,14.288,-120.00
Building.3487,1413.668,1093.587,20.918,37.571,26.988,45.00
Building.3488,1444.941,1081.480,20.918,7.408,10.054,-165.00
Building.3489,1431.419,1059.432,20.918,7.937,8.996,-135.00
Building.349,465.124,2550.101,20.918,43.656,14.552,-90.00
Building.3490,1395.931,1074.020,20.918,10.583,9.525,-135.00
Building.3491,1380.047,1070.597,20.918,22.754,20.638,165.00
Building.3492,1295.230,1094.137,20.918,25.400,12.700,75.00
Building.3493,1230.778,1118.179,20.918,10.583,6.350,60.00
Building.3494,1374.115,1087.133,20.918,19.632,9.684,-120.00
Building.3495,1481.721,1035.856,20.918,8.599,11.245,60.00
Building.3496,1484.242,1017.344,20.918,13.891,12.568,150.00
Building.3497,1513.110,1003.178,20.918,13.891,17.198,30.00
Building.3498,1497.770,868.637,20.918,30.801,61.677,0.00
Building.3499,1525.150,911.051,20.918,27.307,36.204,-150.00
Building.350,465.152,2516.012,20.918,42.333,15.214,90.00
Building.3500,1515.586,905.059,20.918,23.278,30.410,-150.00
Building.3501,1509.780,901.741,20.918,22.169,27.853,-150.00
Building.3502,1547.397,869.473,20.918,23.151,43.571,-150.00
Building.3503,1519.100,856.079,20.918,19.182,27.922,15.00
Building.3504,1476.368,891.695,20.918,21.828,29.152,-30.00
Building.3505,1492.262,857.908,20.918,16.537,33.735,-180.00
Building.3506,1499.138,894.145,20.918,16.218,26.412,135.00
Building.3507,1418.101,1004.370,20.918,50.682,52.917,-105.00
Building.3508,1411.870,978.816,20.918,40.390,21.616,75.00
Building.3509,1399.327,1000.739,20.918,20.967,19.489,165.00
Building.351,465.339,2537.818,20.918,43.656,9.260,-90.00
Building.3510,1389.736,996.095,20.918,15.993,12.592,-105.00
Building.3511,1446.795,1012.641,20.918,14.402,21.590,-180.00
Building.3512,1440.283,1002.237,20.918,14.751,15.310,-90.00
Building.3513,1429.929,840.841,20.918,12.700,29.678,-15.00
Building.3514,1438.253,830.806,20.918,10.991,14.359,0.00
Building.3515,1447.374,850.743,20.918,10.963,25.929,-180.00
Building.3516,1425.304,856.326,20.918,30.075,41.635,150.00
Building.3517,1394.371,948.929,20.918,52.315,29.104,75.00
Building.3518,1440.957,947.163,20.918,17.251,16.590,-105.00
Building.3519,1419.575,945.507,20.918,13.229,18.007,-15.00
Building.352,399.157,2535.506,20.918,59.452,15.873,-90.00
Building.3520,1393.061,949.147,20.918,10.332,8.494,-105.00
Building.3521,1430.558,919.943,20.918,18.521,31.835,0.00
Building.3522,1423.950,891.142,20.918,29.452,27.177,0.00
Building.3523,1430.261,881.162,20.918,20.551,8.996,-105.00
Building.3524,1408.075,845.993,20.918,7.738,28.575,0.00
Building.3525,2811.656,364.859,20.918,16.537,21.828,-150.00
Building.3526,2792.859,363.135,20.918,15.214,46.302,165.00
Building.3527,2775.502,377.508,20.918,17.859,13.891,-105.00
Building.3528,2768.225,343.692,20.918,21.167,15.875,-165.00
Building.3529,2770.474,299.188,20.918,20.505,17.198,0.00
Building.353,429.044,2536.170,20.918,0.080,0.663,90.00
Building.3530,2742.364,378.102,20.918,15.875,14.552,60.00
Building.3531,2700.592,417.827,20.918,66.807,34.396,-105.00
Building.3532,2690.156,386.559,20.918,16.537,17.859,60.00
Building.3533,2711.495,374.624,20.918,11.774,27.781,180.00
Building.3534,2731.033,366.902,20.918,24.209,32.147,-180.00
Building.3535,2667.685,394.718,20.918,9.128,13.494,165.00
Building.3536,2674.166,379.082,20.918,12.303,9.922,75.00
Building.3537,2652.402,365.987,20.918,17.462,25.797,-15.00
Building.3538,2689.559,357.577,20.918,12.303,13.097,120.00
Building.3539,2739.413,293.171,20.918,27.385,21.828,-90.00
Building.354,321.426,2526.605,20.918,51.594,15.214,-90.00
Building.3540,2672.607,303.098,20.918,20.241,22.622,45.00
Building.3541,2654.876,318.097,20.918,10.716,9.525,90.00
Building.3542,2657.770,299.263,20.918,13.494,16.272,165.00
Building.3543,2642.718,234.877,20.918,41.539,42.047,90.00
Building.3544,2746.224,210.752,20.918,40.746,38.219,0.00
Building.3545,2729.235,214.612,20.918,22.417,33.593,165.00
Building.3546,2734.865,199.031,20.918,22.121,18.533,75.00
Building.3547,2651.685,251.136,20.918,47.421,23.754,75.00
Building.3548,2660.233,232.104,20.918,17.311,31.322,-15.00
Building.3549,2624.825,244.816,20.918,16.620,18.247,-15.00
Building.355,298.467,2488.484,20.918,11.245,26.459,0.00
Building.3550,2646.062,245.555,20.918,19.012,13.681,-105.00
Building.3551,2694.484,237.830,20.918,10.054,8.467,-105.00
Building.3552,2711.230,231.429,20.918,8.467,7.937,-120.00
Building.3553,2747.326,180.243,20.918,15.346,13.229,-105.00
Building.3554,2715.344,176.909,20.918,12.700,12.171,75.00
Building.3555,2638.218,189.212,20.918,26.999,29.095,-15.00
Building.3556,2678.746,188.012,20.918,15.346,25.929,-15.00
Building.3557,2688.623,164.768,20.918,10.583,16.404,-15.00
Building.3558,2631.653,117.302,20.918,49.741,18.521,75.00
Building.3559,2614.324,105.528,20.918,10.583,14.288,165.00
Building.356,321.787,2450.482,20.918,52.917,13.890,90.00
Building.3560,2625.877,94.691,20.918,14.816,9.525,75.00
Building.3561,2648.350,103.970,20.918,7.938,11.113,-120.00
Building.3562,2686.542,87.628,20.918,13.758,13.758,75.00
Building.3563,2726.060,115.129,20.918,16.404,22.225,-90.00
Building.3564,2712.177,93.199,20.918,13.229,11.112,75.00
Building.3565,2708.957,69.182,20.918,18.521,19.050,75.00
Building.3566,2652.097,158.405,20.918,49.742,21.696,-105.00
Building.3567,2650.022,164.936,20.918,20.108,16.404,165.00
Building.3568,2626.047,182.862,20.918,20.637,20.638,30.00
Building.3569,2650.693,207.458,20.918,26.409,12.740,-105.00
Building.357,397.566,2446.620,20.918,32.411,18.521,90.00
Building.3570,2665.115,175.744,20.918,21.696,13.758,90.00
Building.3571,2730.850,73.570,20.918,15.346,19.050,165.00
Building.3572,2658.344,35.973,20.918,12.171,16.933,165.00
Building.3573,2624.882,38.832,20.918,17.044,20.565,165.00
Building.3574,2626.719,46.819,20.918,15.346,24.852,-15.00
Building.3575,2624.396,61.030,20.918,16.147,15.006,-120.00
Building.3576,2595.271,50.893,20.918,14.817,21.167,135.00
Building.3577,2602.754,15.851,20.918,6.240,5.238,-90.00
Building.3578,2593.928,15.834,20.918,11.599,5.236,-90.00
Building.3579,2677.774,13.018,20.918,11.595,4.205,-105.00
Building.358,460.395,2471.333,20.918,43.656,13.229,-90.00
Building.3580,2519.535,451.418,20.918,56.008,45.508,75.00
Building.3581,2601.227,340.877,20.918,39.158,75.142,90.00
Building.3582,2550.599,366.319,20.918,14.817,29.104,-15.00
Building.3583,2520.735,355.286,20.918,21.696,21.167,-60.00
Building.3584,2538.335,325.293,20.918,10.054,13.758,-30.00
Building.3585,2488.354,390.709,20.918,15.346,12.700,60.00
Building.3586,2483.327,378.644,20.918,7.937,7.938,75.00
Building.3587,2482.949,367.218,20.918,6.350,6.879,-105.00
Building.3588,2478.693,349.758,20.918,14.816,9.525,-105.00
Building.3589,2516.772,366.470,20.918,13.229,23.813,135.00
Building.359,521.621,2482.055,20.918,13.229,8.004,90.00
Building.3590,2502.405,343.920,20.918,14.817,12.171,-60.00
Building.3591,2524.720,404.948,20.918,20.108,15.875,135.00
Building.3592,2503.010,416.090,20.918,13.229,21.167,165.00
Building.3593,2629.124,434.447,20.918,22.225,18.058,-105.00
Building.3594,2597.521,416.116,20.918,15.098,27.054,-15.00
Building.3595,2605.966,414.057,20.918,13.511,25.212,-15.00
Building.3596,2581.361,405.060,20.918,25.502,32.279,180.00
Building.3597,2582.309,421.179,20.918,57.215,57.150,90.00
Building.3598,2553.626,446.406,20.918,16.404,17.752,75.00
Building.3599,2549.634,430.006,20.918,42.333,38.908,-150.00
Building.360,522.483,2476.325,20.918,12.533,6.900,105.00
Building.3600,468.419,524.045,20.918,26.988,19.579,-105.00
Building.3601,452.139,494.014,20.918,13.758,23.283,165.00
Building.3602,443.578,465.374,20.918,11.113,17.463,165.00
Building.3603,436.452,436.459,20.918,15.346,28.046,165.00
Building.3604,465.148,394.060,20.918,15.346,13.229,75.00
Building.3605,485.756,412.076,20.918,12.171,16.933,165.00
Building.3606,442.966,412.321,20.918,19.050,13.759,-105.00
Building.3607,421.117,412.163,20.918,12.700,10.054,60.00
Building.3608,703.098,430.067,20.918,14.288,12.303,30.00
Building.3609,1434.193,815.537,20.918,27.526,10.488,-105.00
Building.361,2359.108,1550.471,20.918,58.550,36.940,105.00
Building.3610,1432.070,796.971,20.918,32.316,12.943,90.00
Building.3611,1432.031,796.976,20.918,37.663,15.739,-90.00
Building.3612,1431.663,775.047,20.918,38.676,9.494,90.00
Building.3613,1411.101,774.310,20.918,11.906,20.373,-15.00
Building.3614,1430.982,761.391,20.918,44.085,19.473,90.00
Building.3615,1426.092,756.218,20.918,45.945,21.263,0.00
Building.3616,1427.037,727.093,20.918,46.512,14.370,90.00
Building.3617,1416.772,720.638,20.918,15.213,14.873,-165.00
Building.3618,1440.651,719.744,20.918,16.684,8.468,90.00
Building.3619,1440.491,719.732,20.918,14.342,7.405,-90.00
Building.362,2307.684,1647.890,20.918,33.073,18.855,105.00
Building.3620,1418.816,711.900,20.918,2.537,1.813,-90.00
Building.3621,1428.394,639.140,20.918,15.082,29.766,15.00
Building.3622,1417.608,526.887,20.918,14.817,45.509,0.00
Building.3623,1439.558,534.865,20.918,8.343,21.496,0.00
Building.3624,1433.110,535.241,20.918,7.477,22.754,0.00
Building.3625,1406.248,435.145,20.918,60.325,118.004,-90.00
Building.3626,1326.100,444.226,20.918,10.583,51.594,0.00
Building.3627,1297.835,286.945,20.918,15.346,25.929,90.00
Building.3628,1299.457,196.608,20.918,15.602,29.104,0.00
Building.3629,1299.282,193.667,20.918,8.467,22.090,180.00
Building.363,2317.612,1651.222,20.918,46.936,34.110,-75.00
Building.3630,1417.043,353.836,20.918,16.404,25.929,105.00
Building.3631,1420.415,321.247,20.918,10.054,9.525,90.00
Building.3632,1420.218,287.195,20.918,7.690,42.333,0.00
Building.3633,1420.210,286.933,20.918,7.229,41.462,180.00
Building.3634,1427.058,287.090,20.918,2.646,42.333,0.00
Building.3635,1438.162,167.684,20.918,7.408,11.642,-180.00
Building.3636,1423.874,124.821,20.918,16.404,28.575,0.00
Building.3637,1436.633,103.006,20.918,13.229,19.579,180.00
Building.3638,1428.781,143.966,20.918,12.171,12.171,75.00
Building.3639,1432.708,142.771,20.918,16.404,9.525,-105.00
Building.364,2322.728,1639.413,20.918,50.713,33.986,-60.00
Building.3640,1430.604,84.601,20.918,14.287,11.113,-60.00
Building.3641,1433.866,63.554,20.918,11.642,9.525,-75.00
Building.3642,1426.390,11.254,20.918,9.250,7.687,90.00
Building.3643,2063.327,1054.320,20.918,14.816,13.758,-60.00
Building.3644,2040.713,1029.237,20.918,29.633,12.700,90.00
Building.3645,2041.147,1014.484,20.918,23.813,11.113,75.00
Building.3646,2069.804,1008.463,20.918,11.642,26.988,165.00
Building.3647,2093.288,1006.622,20.918,7.408,26.458,180.00
Building.3648,2003.870,1016.793,20.918,23.813,35.983,-105.00
Building.3649,1986.531,984.485,20.918,17.462,23.284,-15.00
Building.365,2334.253,1608.359,20.918,50.958,31.955,120.00
Building.3650,1980.170,950.199,20.918,15.346,28.575,-15.00
Building.3651,1978.932,904.282,20.918,13.229,25.929,165.00
Building.3652,2030.057,964.944,20.918,44.450,31.750,-180.00
Building.3653,2011.246,938.084,20.918,16.156,30.162,165.00
Building.3654,2036.344,933.999,20.918,15.875,31.212,165.00
Building.3655,2006.367,916.872,20.918,12.700,13.758,165.00
Building.3656,2031.849,912.321,20.918,10.054,13.229,180.00
Building.3657,2001.602,898.424,20.918,15.346,29.104,165.00
Building.3658,2019.530,894.001,20.918,14.817,27.517,-15.00
Building.3659,2011.880,881.817,20.918,32.279,16.404,-105.00
Building.366,2335.178,1608.783,20.918,51.872,32.146,-60.00
Building.3660,2006.661,918.342,20.918,32.074,72.208,-15.00
Building.3661,2068.460,967.630,20.918,12.171,25.400,0.00
Building.3662,2095.950,961.097,20.918,10.054,22.225,0.00
Building.3663,2097.046,918.718,20.918,15.346,29.104,165.00
Building.3664,2060.063,927.573,20.918,14.288,28.575,-15.00
Building.3665,2060.177,881.164,20.918,11.642,26.988,180.00
Building.3666,2077.651,875.475,20.918,12.171,27.517,0.00
Building.3667,2090.956,895.119,20.918,14.817,19.579,165.00
Building.3668,2064.192,902.381,20.918,15.346,17.462,165.00
Building.3669,2141.589,966.690,20.918,24.077,57.867,180.00
Building.367,2346.404,1580.333,20.918,54.870,34.193,105.00
Building.3670,2219.550,966.875,20.918,50.684,34.736,120.00
Building.3671,2252.450,1011.516,20.918,21.743,30.940,-165.00
Building.3672,2205.276,997.898,20.918,47.283,30.720,120.00
Building.3673,2205.477,997.997,20.918,47.803,30.462,-60.00
Building.3674,2210.341,988.063,20.918,46.821,25.368,-60.00
Building.3675,2196.810,1015.959,20.918,46.117,28.023,120.00
Building.3676,2200.516,1007.693,20.918,46.534,28.494,120.00
Building.3677,2253.241,1009.489,20.918,23.628,29.809,15.00
Building.3678,2228.991,1041.003,20.918,28.645,25.351,-60.00
Building.3679,2254.424,1037.758,20.918,20.195,28.125,-165.00
Building.368,2352.003,1567.157,20.918,55.310,33.162,105.00
Building.3680,2234.289,1008.281,20.918,19.858,26.321,-150.00
Building.3681,2223.904,1028.458,20.918,14.079,18.007,-150.00
Building.3682,2234.912,1007.072,20.918,18.588,29.104,30.00
Building.3683,2126.485,909.885,20.918,13.076,48.458,0.00
Building.3684,2167.008,919.397,20.918,31.660,42.169,135.00
Building.3685,2137.883,904.651,20.918,13.939,37.968,0.00
Building.3686,2170.921,957.831,20.918,35.242,46.038,135.00
Building.3687,2164.740,967.239,20.918,29.104,41.327,135.00
Building.3688,2154.413,980.793,20.918,23.067,12.700,-105.00
Building.3689,2162.626,997.704,20.918,29.645,34.391,-150.00
Building.369,2359.893,1550.773,20.918,57.249,27.407,-75.00
Building.3690,2150.376,991.841,20.918,19.132,19.644,-150.00
Building.3691,2182.452,990.530,20.918,14.537,32.078,-150.00
Building.3692,2160.626,1000.341,20.918,13.220,18.887,30.00
Building.3693,2177.792,954.245,20.918,11.510,12.700,-45.00
Building.3694,2097.285,826.641,20.918,10.583,14.817,0.00
Building.3695,2096.290,795.379,20.918,10.583,15.875,165.00
Building.3696,2071.035,803.796,20.918,11.112,14.287,180.00
Building.3697,2067.233,834.564,20.918,14.288,19.579,-15.00
Building.3698,2024.236,818.365,20.918,47.625,30.692,0.00
Building.3699,1996.027,844.056,20.918,17.462,35.454,165.00
Building.370,2380.092,1544.356,20.918,29.905,14.622,-60.00
Building.3700,1965.295,835.983,20.918,32.279,45.508,0.00
Building.3701,2164.412,900.191,20.918,44.450,53.446,-45.00
Building.3702,2195.579,890.523,20.918,35.454,39.158,0.00
Building.3703,2258.521,871.555,20.918,31.221,16.404,-75.00
Building.3704,2324.042,871.080,20.918,32.280,43.854,-165.00
Building.3705,2286.167,930.901,20.918,32.641,17.904,-60.00
Building.3706,2286.301,949.479,20.918,18.445,16.933,-60.00
Building.3707,2271.318,940.115,20.918,16.934,15.207,-60.00
Building.3708,2285.552,930.620,20.918,32.485,20.228,120.00
Building.3709,2296.639,924.212,20.918,18.219,18.412,-60.00
Building.371,2201.212,1548.587,20.918,20.213,65.141,0.00
Building.3710,2313.159,901.249,20.918,26.690,32.021,-165.00
Building.3711,2292.869,854.459,20.918,22.754,27.517,-180.00
Building.3712,2242.842,844.052,20.918,19.579,28.575,-180.00
Building.3713,2299.403,786.615,20.918,22.225,30.163,105.00
Building.3714,2156.738,770.075,20.918,53.109,42.780,-120.00
Building.3715,2132.968,852.377,20.918,6.678,44.423,0.00
Building.3716,2149.027,807.696,20.918,6.693,36.335,-180.00
Building.3717,2129.381,807.792,20.918,10.606,35.627,0.00
Building.3718,2143.362,830.898,20.918,9.366,5.461,-90.00
Building.3719,2133.687,830.252,20.918,10.179,4.858,-90.00
Building.372,2252.238,1647.184,20.918,16.793,42.763,-15.00
Building.3720,2143.724,807.835,20.918,5.370,35.955,-180.00
Building.3721,2138.321,852.397,20.918,6.030,43.721,0.00
Building.3722,2132.962,852.539,20.918,6.342,45.064,-180.00
Building.3723,2146.992,852.474,20.918,4.547,43.026,-180.00
Building.3724,2180.777,811.552,20.918,74.072,83.079,15.00
Building.3725,2218.743,800.876,20.918,12.171,26.458,15.00
Building.3726,2574.358,569.261,20.918,42.863,52.537,-105.00
Building.3727,2659.203,568.400,20.918,19.050,22.500,-30.00
Building.3728,2658.921,567.871,20.918,16.514,22.398,150.00
Building.3729,2650.122,572.236,20.918,17.566,20.025,165.00
Building.373,2264.614,1649.375,20.918,15.707,35.795,0.00
Building.3730,2536.375,555.713,20.918,30.281,25.520,90.00
Building.3731,2538.476,586.604,20.918,27.151,26.758,-105.00
Building.3732,2536.600,587.331,20.918,21.249,16.077,75.00
Building.3733,2560.411,592.974,20.918,19.579,14.288,-120.00
Building.3734,2557.743,594.148,20.918,55.078,46.567,-120.00
Building.3735,2613.976,573.988,20.918,58.597,54.022,165.00
Building.3736,2557.385,572.844,20.918,10.292,18.521,165.00
Building.3737,2545.900,518.671,20.918,71.106,45.076,90.00
Building.3738,2518.673,506.595,20.918,29.104,22.355,75.00
Building.3739,2627.442,488.035,20.918,21.015,39.328,-15.00
Building.374,2281.762,1645.554,20.918,7.864,17.374,-165.00
Building.3740,2606.490,533.752,20.918,37.571,31.221,-75.00
Building.3741,2579.853,555.369,20.918,23.603,21.696,-30.00
Building.3742,2572.545,497.684,20.918,23.108,15.483,75.00
Building.3743,2570.906,489.250,20.918,24.396,14.165,75.00
Building.3744,2653.900,558.347,20.918,31.439,18.102,-105.00
Building.3745,2665.376,537.587,20.918,12.083,15.694,165.00
Building.3746,2642.309,537.109,20.918,11.119,11.044,75.00
Building.3747,2648.007,540.591,20.918,9.436,13.172,-15.00
Building.3748,2647.326,520.192,20.918,29.166,22.074,75.00
Building.3749,2646.579,508.605,20.918,26.243,16.557,75.00
Building.375,2229.275,1637.104,20.918,36.066,68.546,0.00
Building.3750,2644.219,502.557,20.918,27.744,12.712,75.00
Building.3751,2623.952,517.083,20.918,23.813,15.346,-90.00
Building.3752,2606.354,482.356,20.918,21.130,14.718,90.00
Building.3753,2610.550,494.820,20.918,25.400,13.860,-90.00
Building.3754,2622.363,493.600,20.918,7.379,14.817,0.00
Building.3755,2653.540,481.442,20.918,18.602,38.864,165.00
Building.3756,2619.859,500.479,20.918,30.162,17.992,90.00
Building.3757,2610.705,482.805,20.918,31.713,16.167,-90.00
Building.3758,3070.240,225.932,20.918,44.160,83.608,-165.00
Building.3759,3030.126,260.970,20.918,14.432,14.817,60.00
Building.376,2171.266,1631.784,20.918,35.546,29.323,-105.00
Building.3760,3030.997,260.605,20.918,12.700,10.532,-120.00
Building.3761,3120.441,212.902,20.918,27.832,20.308,105.00
Building.3762,3098.502,204.217,20.918,21.806,33.847,15.00
Building.3763,3098.439,204.388,20.918,20.188,34.560,-165.00
Building.3764,3043.883,278.513,20.918,15.875,18.521,-30.00
Building.3765,3049.039,261.197,20.918,14.817,14.287,165.00
Building.3766,3120.078,212.752,20.918,24.858,20.108,-75.00
Building.3767,3117.557,169.529,20.918,10.583,12.171,150.00
Building.3768,3056.636,190.635,20.918,38.629,23.812,75.00
Building.3769,3090.615,163.885,20.918,13.229,7.408,135.00
Building.377,2189.442,1651.566,20.918,38.377,50.932,165.00
Building.3770,3065.418,172.804,20.918,9.525,10.054,-120.00
Building.3771,3040.780,180.347,20.918,6.350,7.937,-105.00
Building.3772,3007.528,193.906,20.918,15.239,23.283,-15.00
Building.3773,3012.563,178.014,20.918,19.050,15.790,75.00
Building.3774,3018.086,196.203,20.918,10.583,14.902,15.00
Building.3775,3021.284,182.953,20.918,5.928,19.050,15.00
Building.3776,3053.858,221.412,20.918,14.817,27.517,165.00
Building.3777,3032.987,229.454,20.918,14.287,29.104,-15.00
Building.3778,3051.809,310.664,20.918,20.108,14.817,-105.00
Building.3779,3039.770,283.798,20.918,8.467,10.054,150.00
Building.378,2205.191,1638.735,20.918,25.545,71.964,165.00
Building.3780,3086.581,290.640,20.918,8.467,9.525,-150.00
Building.3781,3105.498,287.186,20.918,12.700,7.938,-105.00
Building.3782,3107.376,249.960,20.918,11.112,11.113,135.00
Building.3783,3076.933,278.704,20.918,7.938,6.879,-105.00
Building.3784,3097.349,270.420,20.918,5.292,6.879,105.00
Building.3785,3149.617,140.261,20.918,7.541,6.350,75.00
Building.3786,3154.274,15.601,20.918,11.578,5.389,-90.00
Building.3787,2443.254,468.680,20.918,40.158,34.925,-90.00
Building.3788,2451.922,483.162,20.918,32.809,32.094,-105.00
Building.3789,2456.260,467.274,20.918,17.278,10.231,-105.00
Building.379,2205.349,1639.802,20.918,24.823,69.743,-15.00
Building.3790,2355.706,449.046,20.918,135.467,148.527,-105.00
Building.3791,2376.361,367.929,20.918,42.964,30.692,75.00
Building.3792,2441.436,442.584,20.918,15.875,15.346,-105.00
Building.3793,2436.981,413.781,20.918,9.128,7.541,75.00
Building.3794,2415.904,420.426,20.918,15.082,19.447,-15.00
Building.3795,2405.921,396.335,20.918,10.319,20.241,-15.00
Building.3796,2426.925,364.184,20.918,28.433,30.188,165.00
Building.3797,2426.846,400.600,20.918,12.303,18.256,-15.00
Building.3798,2432.431,381.609,20.918,18.653,16.247,75.00
Building.3799,2432.030,375.808,20.918,18.115,8.334,120.00
Building.380,2229.614,1639.987,20.918,13.979,62.432,180.00
Building.3800,2417.637,373.067,20.918,16.338,14.684,-45.00
Building.3801,2237.468,559.564,20.918,67.734,36.513,-105.00
Building.3802,2247.626,445.501,20.918,39.158,32.280,75.00
Building.3803,2234.548,499.688,20.918,25.400,15.875,75.00
Building.3804,2205.588,509.813,20.918,35.983,25.400,75.00
Building.3805,2148.166,519.277,20.918,21.696,20.638,75.00
Building.3806,2167.367,489.538,20.918,42.333,25.929,75.00
Building.3807,2161.526,536.949,20.918,9.591,8.930,75.00
Building.3808,2124.367,452.900,20.918,8.268,7.937,-105.00
Building.3809,2587.028,254.779,20.918,25.797,37.703,165.00
Building.381,2265.097,1631.743,20.918,42.500,27.566,-60.00
Building.3810,3145.548,36.745,20.918,48.479,37.926,-150.00
Building.3811,3150.563,43.160,20.918,26.458,54.250,0.00
Building.3812,3126.875,68.005,20.918,16.239,17.463,-15.00
Building.3813,3122.708,53.835,20.918,9.373,12.761,-15.00
Building.3814,3142.097,54.049,20.918,12.171,14.103,-165.00
Building.3815,3163.594,16.676,20.918,10.842,6.195,-90.00
Building.3816,2981.302,300.504,20.918,33.337,37.571,75.00
Building.3817,2950.859,341.312,20.918,25.400,17.992,-105.00
Building.3818,2919.922,330.056,20.918,10.583,13.229,60.00
Building.3819,2937.969,279.025,20.918,33.633,20.468,75.00
Building.382,2245.474,1607.541,20.918,93.780,33.628,-15.00
Building.3820,2920.263,296.173,20.918,19.449,20.428,-150.00
Building.3821,2987.002,271.078,20.918,21.696,26.458,135.00
Building.3822,2862.194,348.856,20.918,44.068,18.355,-105.00
Building.3823,2858.998,355.405,20.918,37.193,28.112,135.00
Building.3824,2884.376,355.217,20.918,25.016,22.667,-105.00
Building.3825,2889.980,354.331,20.918,13.554,13.229,-105.00
Building.3826,2849.042,317.904,20.918,35.983,32.103,-90.00
Building.3827,2851.174,328.023,20.918,32.534,16.706,75.00
Building.3828,2852.302,333.449,20.918,33.602,20.469,75.00
Building.3829,2855.626,310.939,20.918,13.281,16.404,-165.00
Building.383,2175.412,1585.919,20.918,59.653,28.371,75.00
Building.3830,2859.537,349.676,20.918,10.572,7.547,75.00
Building.3831,2872.756,315.916,20.918,23.607,28.046,0.00
Building.3832,2854.916,264.110,20.918,35.983,26.458,-105.00
Building.3833,2961.365,218.084,20.918,26.988,20.638,-15.00
Building.3834,2891.696,230.052,20.918,19.050,21.916,-150.00
Building.3835,2938.373,244.478,20.918,31.859,41.961,150.00
Building.3836,2923.650,253.515,20.918,20.906,31.750,165.00
Building.3837,2891.444,262.463,20.918,14.817,17.462,-15.00
Building.3838,2897.856,253.543,20.918,27.571,37.571,-105.00
Building.3839,2899.896,227.698,20.918,16.404,16.676,-15.00
Building.384,2173.040,1586.328,20.918,55.774,21.762,-105.00
Building.3840,2893.661,226.253,20.918,12.973,15.346,30.00
Building.3841,2940.051,207.304,20.918,12.171,12.171,75.00
Building.3842,2918.190,218.213,20.918,8.467,11.642,-15.00
Building.3843,3070.798,116.244,20.918,10.054,11.642,-180.00
Building.3844,3054.574,119.395,20.918,7.408,11.113,180.00
Building.3845,3083.412,41.563,20.918,13.229,21.167,165.00
Building.3846,3004.294,56.542,20.918,79.904,46.038,75.00
Building.3847,3007.732,33.169,20.918,90.488,42.863,75.00
Building.3848,2972.637,37.071,20.918,14.288,13.758,-165.00
Building.3849,3007.651,132.334,20.918,16.404,21.167,-165.00
Building.385,2170.438,1558.788,20.918,59.017,18.770,90.00
Building.3850,3029.289,103.798,20.918,84.138,30.692,-75.00
Building.3851,2882.038,40.226,20.918,45.641,39.688,75.00
Building.3852,2882.091,68.102,20.918,124.354,103.501,-105.00
Building.3853,2820.575,50.478,20.918,28.162,21.883,-105.00
Building.3854,2836.334,38.858,20.918,12.849,16.352,-150.00
Building.3855,2792.704,51.578,20.918,14.967,19.113,-15.00
Building.3856,2796.160,93.110,20.918,37.703,30.427,-180.00
Building.3857,2786.496,79.567,20.918,29.766,22.490,-105.00
Building.3858,2778.444,94.120,20.918,18.521,27.120,165.00
Building.3859,2780.088,115.619,20.918,13.891,17.198,-30.00
Building.386,2135.450,1528.281,20.918,26.479,33.073,-15.00
Building.3860,2794.096,142.216,20.918,10.583,13.758,-15.00
Building.3861,2823.068,175.986,20.918,62.971,40.671,-90.00
Building.3862,2808.877,188.210,20.918,26.082,42.863,165.00
Building.3863,2806.549,180.396,20.918,12.700,25.929,-15.00
Building.3864,2830.474,197.970,20.918,27.347,20.392,-120.00
Building.3865,2839.979,183.676,20.918,39.158,11.444,-75.00
Building.3866,2768.873,11.650,20.918,3.960,1.587,-120.00
Building.3867,2755.025,12.116,20.918,11.508,7.139,105.00
Building.3868,2218.114,55.886,20.918,30.234,25.909,30.00
Building.3869,2221.005,14.803,20.918,16.108,6.438,-120.00
Building.387,2159.591,1539.571,20.918,46.455,25.978,75.00
Building.3870,2229.460,19.378,20.918,26.043,12.985,-120.00
Building.3871,2234.490,29.092,20.918,26.924,20.447,-120.00
Building.3872,2234.479,29.097,20.918,27.121,21.694,60.00
Building.3873,2248.416,45.492,20.918,11.945,17.303,-30.00
Building.3874,2242.765,47.969,20.918,13.240,16.969,-30.00
Building.3875,2242.511,47.540,20.918,15.446,17.278,150.00
Building.3876,2229.785,53.737,20.918,15.733,16.174,-45.00
Building.3877,2190.604,79.135,20.918,13.296,16.272,-120.00
Building.3878,2193.163,66.479,20.918,29.369,22.569,-15.00
Building.3879,2187.639,23.775,20.918,32.250,16.304,-90.00
Building.388,2181.456,1524.787,20.918,24.302,27.573,180.00
Building.3880,2173.002,44.336,20.918,16.888,24.933,-15.00
Building.3881,2185.833,39.528,20.918,23.696,24.011,0.00
Building.3882,2199.532,33.862,20.918,21.431,29.293,180.00
Building.3883,2279.701,24.289,20.918,27.781,19.850,-105.00
Building.3884,2306.075,20.668,20.918,16.781,12.420,-120.00
Building.3885,2302.410,15.097,20.918,15.543,6.794,-120.00
Building.3886,2296.299,31.280,20.918,44.547,28.646,75.00
Building.3887,2284.322,32.853,20.918,24.549,17.395,-120.00
Building.3888,2332.084,126.204,20.918,15.875,17.860,150.00
Building.3889,2332.114,99.201,20.918,9.525,18.256,165.00
Building.389,2283.790,1564.681,20.918,47.923,30.736,105.00
Building.3890,2324.854,69.412,20.918,15.081,17.066,75.00
Building.3891,2251.296,134.342,20.918,38.100,76.994,0.00
Building.3892,2278.985,147.844,20.918,10.319,10.716,15.00
Building.3893,2306.233,149.139,20.918,9.525,10.716,-135.00
Building.3894,2310.689,125.107,20.918,10.319,11.906,120.00
Building.3895,2298.802,85.134,20.918,26.194,17.066,-120.00
Building.3896,2296.876,57.577,20.918,17.462,9.128,90.00
Building.3897,2263.677,82.988,20.918,33.338,18.653,-105.00
Building.3898,2202.902,108.974,20.918,7.938,13.891,0.00
Building.3899,2228.493,115.876,20.918,9.922,12.700,-120.00
Building.390,2291.571,1550.704,20.918,20.677,41.329,15.00
Building.3900,2220.295,131.871,20.918,11.906,15.875,75.00
Building.3901,2229.742,171.225,20.918,12.700,12.303,-150.00
Building.3902,2232.403,93.899,20.918,8.731,10.319,-105.00
Building.3903,2220.026,94.024,20.918,7.144,7.541,165.00
Building.3904,2271.036,91.189,20.918,24.209,16.669,60.00
Building.3905,2043.276,219.187,20.918,11.906,8.731,-105.00
Building.3906,2032.073,222.600,20.918,13.097,9.922,-120.00
Building.3907,2017.884,222.607,20.918,10.716,17.859,165.00
Building.3908,1994.363,229.906,20.918,11.113,18.256,-15.00
Building.3909,2039.200,192.386,20.918,14.817,28.046,-15.00
Building.391,2271.263,1543.992,20.918,16.131,31.699,-165.00
Building.3910,1957.196,243.037,20.918,52.917,30.163,-105.00
Building.3911,1924.011,154.573,20.918,55.166,27.384,75.00
Building.3912,1951.145,136.754,20.918,35.719,21.431,-105.00
Building.3913,1884.685,146.108,20.918,32.147,17.066,75.00
Building.3914,1873.593,131.808,20.918,51.991,24.606,-105.00
Building.3915,1894.036,984.812,20.918,41.606,42.359,15.00
Building.3916,1950.819,1022.101,20.918,30.247,48.678,30.00
Building.3917,1952.016,1020.206,20.918,37.624,51.556,-150.00
Building.3918,1964.318,1046.031,20.918,13.833,21.549,30.00
Building.3919,1961.668,1039.880,20.918,17.644,27.594,30.00
Building.392,2280.805,1546.430,20.918,16.743,32.991,-165.00
Building.3920,1957.314,1031.468,20.918,23.452,37.864,30.00
Building.3921,1939.636,1014.653,20.918,36.694,49.896,-150.00
Building.3922,1928.194,1006.167,20.918,34.039,47.926,-150.00
Building.3923,1915.130,1019.064,20.918,21.250,21.608,-150.00
Building.3924,1913.623,988.478,20.918,30.302,36.119,15.00
Building.3925,1905.575,1005.355,20.918,22.949,34.287,-150.00
Building.3926,1889.599,996.736,20.918,20.471,38.843,-165.00
Building.3927,1853.343,980.392,20.918,26.591,32.434,30.00
Building.3928,1879.778,959.715,20.918,29.785,27.120,-150.00
Building.3929,1893.587,966.944,20.918,30.578,21.149,-60.00
Building.393,2291.871,1549.624,20.918,20.455,35.727,-165.00
Building.3930,1911.717,977.484,20.918,12.106,12.359,-60.00
Building.3931,1870.398,1003.969,20.918,14.161,12.225,-60.00
Building.3932,1873.078,998.265,20.918,13.789,12.050,-60.00
Building.3933,1875.890,992.504,20.918,13.565,11.783,-60.00
Building.3934,1879.510,986.855,20.918,13.648,8.342,-60.00
Building.3935,1929.949,192.001,20.918,14.684,24.209,165.00
Building.3936,1963.179,183.597,20.918,11.906,18.653,165.00
Building.3937,1934.037,167.393,20.918,31.353,20.951,75.00
Building.3938,1968.268,163.485,20.918,12.303,11.113,-105.00
Building.3939,1965.145,143.645,20.918,7.937,8.334,150.00
Building.394,2312.250,1553.154,20.918,12.746,39.937,-165.00
Building.3940,2091.223,192.813,20.918,11.845,13.299,150.00
Building.3941,2084.455,196.295,20.918,11.011,12.561,150.00
Building.3942,2096.488,190.533,20.918,10.884,13.318,150.00
Building.3943,2087.995,166.910,20.918,7.541,9.128,165.00
Building.3944,2070.567,171.440,20.918,7.938,7.144,-30.00
Building.3945,2058.812,178.029,20.918,7.937,8.731,-30.00
Building.3946,2047.415,153.752,20.918,26.988,21.035,120.00
Building.3947,2071.124,157.520,20.918,7.938,6.350,-120.00
Building.3948,2057.405,137.716,20.918,18.653,14.684,75.00
Building.3949,2176.789,185.790,20.918,15.478,13.097,-135.00
Building.395,2264.780,1599.779,20.918,61.808,28.929,-75.00
Building.3950,2148.748,194.020,20.918,5.953,10.319,0.00
Building.3951,2135.935,199.802,20.918,7.938,9.525,-120.00
Building.3952,2118.707,204.301,20.918,6.350,7.938,-15.00
Building.3953,2158.635,157.418,20.918,13.097,23.019,165.00
Building.3954,2132.732,163.976,20.918,11.113,15.081,45.00
Building.3955,2129.138,12.334,20.918,13.191,2.265,-105.00
Building.3956,2116.947,26.406,20.918,13.494,9.128,-105.00
Building.3957,2084.695,16.092,20.918,31.750,19.050,75.00
Building.3958,2057.874,39.533,20.918,11.113,20.637,-15.00
Building.3959,2039.967,43.061,20.918,11.509,15.081,180.00
Building.396,2267.777,1558.553,20.918,70.026,73.297,105.00
Building.3960,2135.409,47.457,20.918,21.034,12.700,-105.00
Building.3961,2116.999,80.515,20.918,69.811,41.026,60.00
Building.3962,2101.732,101.155,20.918,35.655,21.467,-120.00
Building.3963,2139.759,68.699,20.918,26.439,20.110,-120.00
Building.3964,2136.065,56.234,20.918,24.863,19.492,60.00
Building.3965,2146.890,72.847,20.918,13.574,12.356,60.00
Building.3966,2138.064,77.149,20.918,8.267,9.261,60.00
Building.3967,2136.671,81.793,20.918,7.567,8.734,165.00
Building.3968,2128.500,88.948,20.918,10.210,10.365,-120.00
Building.3969,2118.137,86.861,20.918,8.042,8.550,60.00
Building.397,2234.986,1556.770,20.918,18.256,67.257,15.00
Building.3970,2051.709,66.420,20.918,13.229,23.813,0.00
Building.3971,2058.244,125.566,20.918,17.529,15.875,-120.00
Building.3972,2041.870,87.266,20.918,15.214,14.222,-135.00
Building.3973,2030.128,131.895,20.918,17.859,15.478,120.00
Building.3974,1997.036,128.978,20.918,13.382,14.336,165.00
Building.3975,2010.415,104.186,20.918,28.972,71.805,-105.00
Building.3976,1990.059,103.578,20.918,29.777,71.438,-15.00
Building.3977,1984.807,120.237,20.918,43.958,93.758,165.00
Building.3978,1984.416,83.037,20.918,17.609,28.815,165.00
Building.3979,1984.534,107.040,20.918,12.660,9.197,-90.00
Building.398,2213.651,1580.871,20.918,28.575,18.256,90.00
Building.3980,1987.299,107.210,20.918,12.411,8.787,90.00
Building.3981,1989.889,123.666,20.918,11.959,8.900,-90.00
Building.3982,2002.503,143.256,20.918,10.928,9.345,-30.00
Building.3983,2003.885,158.101,20.918,9.481,9.666,-45.00
Building.3984,2013.594,155.295,20.918,9.419,9.864,-135.00
Building.3985,2000.746,148.424,20.918,10.196,8.201,60.00
Building.3986,2010.006,149.960,20.918,8.886,7.751,-120.00
Building.3987,1993.700,146.940,20.918,14.495,12.972,-45.00
Building.3988,1996.556,50.271,20.918,10.716,13.494,15.00
Building.3989,1919.608,85.925,20.918,17.245,41.933,-15.00
Building.399,2214.451,1549.978,20.918,16.748,60.657,0.00
Building.3990,1952.866,103.699,20.918,12.585,18.050,165.00
Building.3991,1936.910,69.028,20.918,29.593,19.608,-120.00
Building.3992,1953.012,104.096,20.918,12.156,16.816,-15.00
Building.3993,1955.809,82.141,20.918,16.272,24.956,165.00
Building.3994,1942.366,66.693,20.918,16.700,13.532,60.00
Building.3995,1937.034,73.381,20.918,9.832,10.285,165.00
Building.3996,1925.454,77.813,20.918,6.750,8.892,-15.00
Building.3997,1946.833,87.352,20.918,19.073,29.184,165.00
Building.3998,1933.978,92.056,20.918,10.202,25.335,165.00
Building.3999,1910.206,122.460,20.918,8.268,7.276,-105.00
Building.400,2182.492,1536.608,20.918,23.467,43.063,0.00
Building.4000,2164.719,122.991,20.918,6.615,8.268,150.00
Building.4001,2143.081,138.346,20.918,7.938,9.591,-135.00
Building.4002,2129.810,147.591,20.918,8.930,7.937,-120.00
Building.4003,2114.090,150.374,20.918,7.276,7.937,-30.00
Building.4004,2134.032,102.470,20.918,8.268,8.930,75.00
Building.4005,2128.552,110.847,20.918,5.953,6.945,-180.00
Building.4006,2117.420,116.370,20.918,7.276,6.615,-165.00
Building.4007,2094.591,122.345,20.918,22.159,13.560,75.00
Building.4008,2107.095,157.949,20.918,10.253,7.607,-120.00
Building.4009,2667.120,1609.596,20.918,14.965,10.528,-135.00
Building.401,2178.135,1919.144,20.918,47.726,31.539,-75.00
Building.4010,2854.369,1389.025,20.918,54.504,43.392,-60.00
Building.4011,3023.781,1145.526,20.918,19.579,9.525,60.00
Building.4012,2782.638,1298.434,20.918,16.404,15.346,120.00
Building.4013,2711.236,1259.620,20.918,14.287,16.933,30.00
Building.4014,1949.834,1624.599,20.918,13.692,18.852,165.00
Building.4015,2437.102,1562.835,20.918,25.400,18.256,120.00
Building.4016,2593.474,1690.677,20.918,11.113,13.891,-165.00
Building.4017,2661.803,1718.754,20.918,8.731,8.334,75.00
Building.4018,2698.947,480.057,20.918,16.404,34.925,165.00
Building.4019,1925.935,611.177,20.918,47.625,62.442,120.00
Building.402,2189.832,1967.579,20.918,58.404,42.214,30.00
Building.4020,1979.259,611.282,20.918,37.042,29.766,15.00
Building.4021,867.017,1618.136,20.918,107.553,116.615,45.00
Building.4022,1757.702,138.881,20.918,25.797,17.860,75.00
Building.4023,2362.749,211.221,20.918,8.930,10.253,60.00
Building.4024,2604.912,576.930,20.918,9.525,11.113,0.00
Building.4025,2357.679,480.449,20.918,32.809,31.221,165.00
Building.4026,2673.055,1602.399,20.918,0.645,0.783,45.00
Building.403,2153.534,1941.875,20.918,27.161,29.395,-150.00
Building.404,2184.113,1950.563,20.918,33.513,24.357,105.00
Building.405,2170.523,1949.194,20.918,43.291,33.241,-150.00
Building.406,2232.132,1853.657,20.918,67.058,29.334,105.00
Building.407,2222.876,1870.580,20.918,70.941,32.361,105.00
Building.408,2196.788,1890.877,20.918,31.531,30.010,30.00
Building.409,2176.234,1938.692,20.918,35.622,26.431,-75.00
Building.410,2220.000,1914.483,20.918,38.950,28.816,105.00
Building.411,2212.010,1931.334,20.918,39.496,28.268,105.00
Building.412,2165.646,1925.199,20.918,22.806,19.230,-150.00
Building.413,2241.381,1909.378,20.918,37.307,33.152,-150.00
Building.414,2179.115,1883.122,20.918,31.944,27.203,30.00
Building.415,2051.564,1586.027,20.918,14.339,14.431,180.00
Building.416,2059.127,1588.485,20.918,13.740,11.083,90.00
Building.417,2050.804,1674.944,20.918,14.828,15.922,75.00
Building.418,2066.632,1671.168,20.918,19.266,17.624,75.00
Building.419,2052.093,1687.858,20.918,15.228,8.915,75.00
Building.420,2069.807,1691.949,20.918,19.163,9.850,-105.00
Building.421,2044.931,1683.180,20.918,6.618,13.709,180.00
Building.422,2041.265,1689.618,20.918,6.630,7.409,75.00
Building.423,2047.169,1665.864,20.918,20.253,15.067,75.00
Building.424,2050.166,1665.008,20.918,19.528,21.974,-105.00
Building.425,2044.714,1633.453,20.918,18.285,21.115,75.00
Building.426,2048.676,1631.852,20.918,17.011,19.050,-105.00
Building.427,2047.603,1605.541,20.918,16.252,16.096,105.00
Building.428,2044.361,1604.608,20.918,15.360,13.669,-75.00
Building.429,2068.299,1670.770,20.918,18.394,19.558,-105.00
Building.430,2071.607,1640.749,20.918,18.414,31.241,165.00
Building.431,2062.618,1627.663,20.918,15.278,10.413,-105.00
Building.432,2061.699,1608.835,20.918,15.177,11.848,105.00
Building.433,2059.020,1608.306,20.918,14.538,11.626,-75.00
Building.434,2057.172,1588.245,20.918,12.983,8.704,-90.00
Building.435,2149.035,1743.705,20.918,30.571,11.650,90.00
Building.436,2135.267,1753.871,20.918,19.904,19.575,180.00
Building.437,2125.734,1705.098,20.918,22.072,23.049,15.00
Building.438,2112.627,1710.384,20.918,29.230,24.639,-90.00
Building.439,2142.479,1723.978,20.918,36.575,12.935,-105.00
Building.440,2112.705,1728.784,20.918,24.270,12.492,-105.00
Building.441,2142.172,1724.028,20.918,37.352,13.531,75.00
Building.442,2143.157,1732.348,20.918,38.656,16.142,90.00
Building.443,2150.578,1763.071,20.918,30.129,10.528,-90.00
Building.444,2157.803,1704.192,20.918,13.993,21.238,165.00
Building.445,2096.891,1705.135,20.918,14.366,13.517,-15.00
Building.446,2118.669,1704.175,20.918,11.072,13.861,-165.00
Building.447,2113.048,1738.806,20.918,21.309,16.542,75.00
Building.448,2106.848,1757.822,20.918,12.908,16.873,-15.00
Building.449,2114.480,1738.288,20.918,22.851,15.177,-105.00
Building.450,2147.426,1787.881,20.918,21.407,27.035,165.00
Building.451,2167.808,1784.987,20.918,28.075,28.046,165.00
Building.452,2162.186,1821.869,20.918,24.085,12.650,-75.00
Building.453,2162.048,1811.713,20.918,23.232,10.822,-90.00
Building.454,2139.194,1818.001,20.918,21.375,18.212,-75.00
Building.455,2114.442,1791.255,20.918,16.154,26.352,0.00
Building.456,2122.697,1815.226,20.918,12.721,13.336,-75.00
Building.457,2084.823,1794.316,20.918,28.188,28.556,15.00
Building.458,2054.748,1795.125,20.918,8.174,21.884,180.00
Building.459,2064.723,1794.015,20.918,17.035,25.553,30.00
Building.460,2063.934,1795.852,20.918,15.329,23.551,-150.00
Building.461,2047.603,1795.126,20.918,6.879,20.535,180.00
Building.462,2092.774,1810.190,20.918,20.638,9.904,-90.00
Building.463,2092.695,1801.597,20.918,19.487,10.219,-90.00
Building.464,2761.646,1343.582,20.918,28.728,39.485,105.00
Building.465,2761.737,1502.319,20.918,49.700,13.072,-90.00
Building.466,2762.178,1478.996,20.918,50.415,13.616,90.00
Building.467,2763.025,1478.968,20.918,50.620,11.742,-90.00
Building.468,2763.124,1454.752,20.918,51.125,15.666,90.00
Building.469,2776.361,1454.118,20.918,28.283,19.839,-90.00
Building.470,2747.804,1445.106,20.918,10.225,21.065,180.00
Building.471,2747.844,1445.677,20.918,15.877,20.540,0.00
Building.472,2780.910,1435.052,20.918,20.073,16.024,-90.00
Building.473,2748.582,1427.774,20.918,11.699,15.945,-165.00
Building.474,2749.005,1425.737,20.918,15.877,15.978,15.00
Building.475,2761.799,1427.874,20.918,13.231,15.982,-15.00
Building.476,2753.151,1392.119,20.918,28.555,19.302,90.00
Building.477,2766.622,1391.874,20.918,53.402,16.940,-90.00
Building.478,2778.810,1396.360,20.918,26.693,22.923,90.00
Building.479,2752.641,1411.081,20.918,27.370,8.050,90.00
Building.480,2766.419,1365.906,20.918,53.554,16.887,75.00
Building.481,2777.658,1346.559,20.918,34.396,19.197,-75.00
Building.482,2783.687,1347.680,20.918,25.380,20.269,105.00
Building.483,2350.141,1125.230,20.918,37.340,41.798,-60.00
Building.484,2401.893,1302.180,20.918,38.304,47.370,45.00
Building.485,2282.531,1223.421,20.918,38.208,43.996,-150.00
Building.486,2292.835,1230.534,20.918,36.657,41.464,-135.00
Building.487,2302.981,1237.375,20.918,37.001,41.152,-135.00
Building.488,2309.690,1241.178,20.918,34.864,39.321,-150.00
Building.489,2310.467,1240.068,20.918,36.268,47.259,30.00
Building.490,2333.533,1257.390,20.918,37.556,43.534,-150.00
Building.491,2343.865,1263.393,20.918,35.482,43.498,-150.00
Building.492,2354.108,1269.954,20.918,36.012,43.960,-150.00
Building.493,2367.708,1276.808,20.918,44.549,45.630,-150.00
Building.494,2380.558,1288.000,20.918,43.941,43.620,-150.00
Building.495,2392.128,1294.275,20.918,41.320,42.196,-135.00
Building.496,2392.695,1293.668,20.918,42.646,42.848,45.00
Building.497,2410.036,1322.393,20.918,17.416,26.333,45.00
Building.498,2306.357,1198.371,20.918,44.403,34.066,120.00
Building.499,2358.609,1232.749,20.918,148.920,101.892,-60.00
Building.500,2307.702,1182.162,20.918,29.202,24.635,-60.00
Building.501,2346.362,1190.929,20.918,44.488,32.411,120.00
Building.502,2332.234,1168.693,20.918,54.499,37.733,120.00
Building.503,2334.914,1156.253,20.918,45.949,32.719,120.00
Building.504,2334.216,1155.844,20.918,43.115,34.518,-60.00
Building.505,2333.430,1139.612,20.918,25.843,20.654,-60.00
Building.506,2344.259,1121.727,20.918,27.206,15.508,120.00
Building.507,2355.815,1103.762,20.918,23.927,24.606,-60.00
Building.508,2355.820,1110.088,20.918,21.546,20.499,-45.00
Building.509,2407.478,1190.891,20.918,17.198,28.443,15.00
Building.510,2403.406,1176.143,20.918,23.813,27.120,-150.00
Building.511,2431.928,1160.401,20.918,7.276,14.552,-180.00
Building.512,2420.690,1143.229,20.918,21.892,15.635,-120.00
Building.513,2393.325,1115.189,20.918,19.182,15.875,120.00
Building.514,2398.042,1140.178,20.918,16.472,8.467,90.00
Building.515,2410.167,1136.281,20.918,17.321,14.823,-135.00
Building.516,2422.023,1142.209,20.918,13.257,12.568,60.00
Building.517,2412.136,1225.388,20.918,12.171,10.054,30.00
Building.518,2269.057,1130.518,20.918,68.906,37.042,-60.00
Building.519,2294.578,1107.193,20.918,45.018,35.388,-60.00
Building.520,2274.096,1085.507,20.918,13.928,15.410,30.00
Building.521,2264.229,1089.242,20.918,27.443,32.119,-60.00
Building.522,2256.965,1100.651,20.918,17.814,16.918,120.00
Building.523,2302.849,1112.555,20.918,26.567,27.184,120.00
Building.524,2255.138,1201.673,20.918,32.885,37.992,-150.00
Building.525,2231.267,1187.903,20.918,29.414,36.130,30.00
Building.526,2228.907,1191.384,20.918,23.692,30.395,-150.00
Building.527,2267.286,1156.844,20.918,40.073,39.753,120.00
Building.528,2267.072,1156.702,20.918,33.460,26.007,-60.00
Building.529,2237.981,1160.831,20.918,23.095,27.263,120.00
Building.530,2244.735,1142.115,20.918,21.396,19.183,120.00
Building.531,2236.201,1159.615,20.918,20.896,19.551,-60.00
Building.532,2280.870,1136.337,20.918,35.662,28.231,120.00
Building.533,2251.287,1121.768,20.918,19.065,18.649,-150.00
Building.534,2384.798,1015.905,20.918,24.342,21.996,-150.00
Building.535,2345.771,1007.459,20.918,33.122,21.821,-75.00
Building.536,2359.636,1051.956,20.918,31.748,41.327,-150.00
Building.537,2375.088,1029.817,20.918,19.910,20.046,-150.00
Building.538,2358.655,1011.885,20.918,17.832,28.755,30.00
Building.539,2348.367,1035.796,20.918,20.891,28.779,15.00
Building.540,2342.337,1024.627,20.918,14.018,18.021,-150.00
Building.541,2341.224,1016.972,20.918,29.607,21.776,-60.00
Building.542,2294.448,1010.277,20.918,25.460,24.880,120.00
Building.543,2307.747,996.124,20.918,37.641,23.386,-75.00
Building.544,2307.216,995.911,20.918,38.894,27.329,105.00
Building.545,2282.708,1042.516,20.918,21.932,32.977,-165.00
Building.546,2301.741,1067.737,20.918,20.108,20.638,30.00
Building.547,2305.186,1034.314,20.918,9.525,9.525,-60.00
Building.548,2720.029,1524.571,20.918,50.061,16.237,-90.00
Building.549,2764.700,1512.285,20.918,39.026,21.766,90.00
Building.550,2732.140,1618.264,20.918,56.407,10.115,-90.00
Building.551,2731.911,1598.836,20.918,57.409,11.082,90.00
Building.552,2731.431,1584.786,20.918,58.713,15.395,90.00
Building.553,2717.097,1585.199,20.918,31.212,14.252,-90.00
Building.554,2730.718,1571.762,20.918,60.530,26.220,-90.00
Building.555,2733.493,1549.092,20.918,22.747,10.444,90.00
Building.556,2711.393,1550.255,20.918,23.497,9.675,90.00
Building.557,2721.390,1538.041,20.918,46.850,14.023,90.00
Building.558,2720.358,1524.549,20.918,48.661,16.226,90.00
Building.559,2760.750,1591.861,20.918,12.175,51.060,0.00
Building.560,2780.870,1592.266,20.918,11.366,51.171,-180.00
Building.561,2763.550,1558.297,20.918,36.983,8.461,90.00
Building.562,2763.917,1558.292,20.918,37.403,16.933,-90.00
Building.563,2764.209,1530.088,20.918,37.948,13.201,90.00
Building.564,2728.275,1674.156,20.918,56.885,15.889,90.00
Building.565,2772.928,1695.091,20.918,30.274,32.411,-150.00
Building.566,2758.807,1651.572,20.918,29.766,45.825,0.00
Building.567,2732.615,1638.058,20.918,56.775,17.146,90.00
Building.568,2712.086,1661.529,20.918,19.379,15.546,-90.00
Building.569,2729.164,1674.206,20.918,56.478,14.369,-90.00
Building.570,2726.792,1696.316,20.918,54.838,15.352,-75.00
Building.571,2748.403,1662.112,20.918,21.516,15.675,-90.00
Building.572,2728.797,1661.797,20.918,17.847,15.592,-90.00
Building.573,2721.858,1629.580,20.918,33.411,8.712,90.00
Building.574,2321.942,1790.554,20.918,27.781,21.313,-60.00
Building.575,2402.758,1718.018,20.918,20.916,40.845,-165.00
Building.576,2387.491,1735.399,20.918,28.570,86.444,-180.00
Building.577,2413.687,1756.233,20.918,24.851,18.750,90.00
Building.578,2402.044,1764.681,20.918,19.113,21.016,180.00
Building.579,2408.233,1739.491,20.918,41.927,21.783,105.00
Building.580,2420.074,1722.881,20.918,20.340,39.097,15.00
Building.581,2411.641,1720.412,20.918,17.591,39.322,15.00
Building.582,2402.763,1718.001,20.918,19.118,40.151,15.00
Building.583,2373.405,1710.222,20.918,20.917,44.941,15.00
Building.584,2351.308,1741.268,20.918,46.393,31.332,-75.00
Building.585,2344.225,1698.836,20.918,26.636,43.770,15.00
Building.586,2365.251,1706.333,20.918,22.943,42.776,-165.00
Building.587,2365.019,1706.944,20.918,22.145,43.490,15.00
Building.588,2352.460,1741.650,20.918,48.162,22.667,105.00
Building.589,2358.497,1773.289,20.918,25.561,25.003,-75.00
Building.590,2356.809,1784.998,20.918,32.808,22.622,-105.00
Building.591,2334.098,1763.412,20.918,32.650,18.993,105.00
Building.592,2332.899,1762.922,20.918,27.699,25.306,-75.00
Building.593,2277.630,1784.660,20.918,30.427,19.397,105.00
Building.594,2249.695,1821.939,20.918,21.141,18.292,105.00
Building.595,2265.213,1837.410,20.918,19.420,15.214,-90.00
Building.596,2210.602,1819.935,20.918,20.387,20.167,30.00
Building.597,2224.263,1823.811,20.918,15.917,19.040,15.00
Building.598,2267.482,1809.469,20.918,33.817,22.163,-75.00
Building.599,2263.687,1808.339,20.918,37.871,20.790,105.00
Building.600,2232.121,1817.304,20.918,38.551,15.255,-75.00
Building.601,2239.843,1789.156,20.918,38.548,22.186,120.00
Building.602,2236.067,1786.921,20.918,20.804,20.365,-60.00
Building.603,2261.178,1789.624,20.918,21.310,23.518,-165.00
Building.604,2039.437,2395.733,20.918,0.745,0.662,75.00
Building.605,2014.232,2401.089,20.918,52.833,23.151,-105.00
Building.606,1722.599,2464.458,20.918,35.753,59.267,150.00
Building.607,1697.089,2437.099,20.918,17.992,16.933,-135.00
Building.608,1686.398,2450.783,20.918,13.758,21.696,180.00
Building.609,1680.673,2514.162,20.918,8.996,14.817,-120.00
Building.610,1705.628,2457.877,20.918,15.346,18.899,135.00
Building.611,1543.467,2496.649,20.918,16.363,38.555,-75.00
Building.612,1514.845,2470.836,20.918,24.520,16.669,75.00
Building.613,1494.661,2475.378,20.918,16.836,14.363,75.00
Building.614,1522.354,2495.881,20.918,21.234,27.442,-75.00
Building.615,1506.820,2510.881,20.918,21.461,13.953,75.00
Building.616,1532.134,2516.388,20.918,28.736,14.923,-105.00
Building.617,1536.588,2493.451,20.918,16.850,26.411,180.00
Building.618,1538.717,2472.754,20.918,12.653,15.917,165.00
Building.619,1560.280,2510.390,20.918,13.389,10.244,-105.00
Building.620,1557.368,2477.831,20.918,8.732,31.217,165.00
Building.621,1562.628,2496.557,20.918,11.219,9.484,165.00
Building.622,1544.083,2464.258,20.918,15.740,13.244,75.00
Building.623,1460.642,2540.768,20.918,20.108,14.817,-105.00
Building.624,1447.934,2494.222,20.918,12.171,12.700,-105.00
Building.625,1425.034,2537.324,20.918,15.875,11.642,90.00
Building.626,1401.915,2514.641,20.918,13.229,10.583,-90.00
Building.627,1418.255,2503.672,20.918,10.054,7.408,-105.00
Building.628,1375.304,2514.143,20.918,7.937,10.584,-15.00
Building.629,1342.119,2511.466,20.918,41.804,20.108,90.00
Building.630,1285.471,2530.519,20.918,18.521,7.938,90.00
Building.631,756.859,2450.480,20.918,13.229,10.583,90.00
Building.632,718.762,2450.436,20.918,21.167,10.583,90.00
Building.633,631.447,2445.717,20.918,19.579,12.171,90.00
Building.634,606.840,2439.896,20.918,17.992,4.733,90.00
Building.635,615.836,2444.908,20.918,1.058,0.559,0.00
Building.636,562.588,2450.223,20.918,12.700,10.054,90.00
Building.637,323.535,2547.973,20.918,15.875,9.525,-105.00
Building.638,348.002,2591.920,20.918,17.462,16.404,-15.00
Building.639,519.263,2543.084,20.918,15.346,6.879,90.00
Building.640,2089.898,2310.032,20.918,33.259,19.963,105.00
Building.641,2094.930,2416.984,20.918,24.205,21.696,-60.00
Building.642,2085.070,2398.092,20.918,29.880,28.777,120.00
Building.643,2099.173,2400.438,20.918,31.116,16.325,-75.00
Building.644,2092.701,2380.827,20.918,55.184,16.404,105.00
Building.645,2093.808,2380.983,20.918,58.644,14.047,-75.00
Building.646,2102.220,2365.700,20.918,26.458,20.262,-75.00
Building.647,2121.453,2365.546,20.918,14.649,12.267,105.00
Building.648,2123.939,2358.043,20.918,15.792,11.058,105.00
Building.649,2099.740,2346.978,20.918,66.912,30.105,-75.00
Building.650,2084.376,2372.310,20.918,38.413,16.277,-90.00
Building.651,2093.502,2290.916,20.918,25.210,26.069,120.00
Building.652,2119.845,2311.702,20.918,18.932,22.693,-150.00
Building.653,2084.770,2334.951,20.918,31.881,15.081,-75.00
Building.654,2101.162,2330.357,20.918,13.229,13.086,15.00
Building.655,2119.482,2312.468,20.918,16.657,21.351,30.00
Building.656,2112.269,2327.260,20.918,26.028,24.031,15.00
Building.657,2120.356,2237.817,20.918,43.682,41.386,-75.00
Building.658,2156.374,2236.595,20.918,35.427,48.816,15.00
Building.659,2181.074,2243.313,20.918,22.509,44.786,-165.00
Building.660,2156.700,2235.715,20.918,21.368,23.813,15.00
Building.661,2142.472,2247.241,20.918,29.634,69.631,-165.00
Building.662,2139.912,2278.585,20.918,66.012,46.037,-75.00
Building.663,2094.621,2279.802,20.918,23.601,23.043,-75.00
Building.664,2105.578,2266.749,20.918,33.687,30.979,-60.00
Building.665,2118.142,2224.069,20.918,26.689,19.019,120.00
Building.666,2119.434,2214.406,20.918,18.185,13.647,-75.00
Building.667,2134.461,2219.678,20.918,19.428,15.258,-75.00
Building.668,2115.730,2222.951,20.918,17.840,14.559,-60.00
Building.669,2188.726,2258.589,20.918,26.122,36.739,15.00
Building.670,2221.464,2284.930,20.918,44.157,70.211,135.00
Building.671,2223.402,2310.162,20.918,21.989,19.281,120.00
Building.672,2222.871,2309.902,20.918,20.672,17.153,-60.00
Building.673,2230.913,2287.299,20.918,16.770,18.305,105.00
Building.674,2241.115,2277.907,20.918,22.114,26.430,-165.00
Building.675,2237.597,2258.226,20.918,10.342,11.301,15.00
Building.676,2223.990,2258.340,20.918,48.468,49.544,30.00
Building.677,2191.988,2304.649,20.918,23.155,22.524,-165.00
Building.678,2198.876,2306.662,20.918,14.358,18.760,-150.00
Building.679,2191.317,2284.698,20.918,16.769,21.431,-150.00
Building.680,2206.949,2291.130,20.918,15.219,18.468,-150.00
Building.681,2204.432,2247.684,20.918,25.174,28.152,-60.00
Building.682,2191.266,2284.813,20.918,14.082,19.062,30.00
Building.683,2229.320,2180.956,20.918,59.141,69.233,-60.00
Building.684,2160.819,2183.715,20.918,21.642,39.189,15.00
Building.685,2128.577,2175.353,20.918,25.183,39.863,15.00
Building.686,2161.004,2182.964,20.918,20.907,39.153,-165.00
Building.687,2157.510,2152.215,20.918,42.022,22.794,-75.00
Building.688,2168.315,2120.758,20.918,46.003,32.817,105.00
Building.689,2156.365,2151.839,20.918,41.072,21.344,105.00
Building.690,2259.021,2217.498,20.918,22.919,21.696,-135.00
Building.691,2268.740,2194.787,20.918,23.618,23.153,45.00
Building.692,2190.252,2168.431,20.918,31.323,78.957,-165.00
Building.693,2186.051,2188.190,20.918,23.191,43.886,15.00
Building.694,2213.720,2149.396,20.918,21.880,25.025,-165.00
Building.695,2206.232,2157.643,20.918,26.600,21.275,105.00
Building.696,2224.341,2153.884,20.918,22.280,22.153,-135.00
Building.697,2214.329,2202.907,20.918,21.194,28.907,15.00
Building.698,2268.396,2195.199,20.918,24.342,28.027,-135.00
Building.699,2223.617,2193.359,20.918,19.050,20.638,-60.00
Building.700,2256.290,2187.294,20.918,67.405,66.406,15.00
Building.701,2235.319,2184.455,20.918,30.370,37.571,-60.00
Building.702,2283.589,2220.924,20.918,32.190,33.334,30.00
Building.703,2328.991,2200.064,20.918,31.796,30.982,-150.00
Building.704,2303.864,2221.229,20.918,35.988,38.547,30.00
Building.705,2299.016,2212.541,20.918,20.583,18.800,-60.00
Building.706,2330.967,2197.273,20.918,30.300,29.044,30.00
Building.707,2315.015,2191.662,20.918,25.106,26.969,-135.00
Building.708,2329.590,2228.826,20.918,27.517,27.517,45.00
Building.709,1879.627,2402.833,20.918,72.099,56.224,-30.00
Building.710,1791.940,2449.361,20.918,55.229,48.287,105.00
Building.711,1822.676,2429.207,20.918,32.412,26.667,90.00
Building.712,1813.534,2402.063,20.918,0.305,0.661,90.00
Building.713,1803.391,2381.100,20.918,26.153,41.672,150.00
Building.714,1741.211,2442.740,20.918,51.594,79.375,150.00
Building.715,1766.919,2448.335,20.918,67.496,44.979,60.00
Building.716,1754.238,2421.503,20.918,10.054,9.525,-120.00
Building.717,1790.708,2395.947,20.918,13.999,8.816,75.00
Building.718,1755.722,2391.905,20.918,12.700,8.996,135.00
Building.719,1771.618,2373.319,20.918,8.996,8.996,-45.00
Building.720,1573.999,2423.859,20.918,0.160,0.661,75.00
Building.721,1593.766,2390.888,20.918,96.573,82.683,-105.00
Building.722,1436.957,2373.265,20.918,15.875,29.104,180.00
Building.723,1408.176,2375.867,20.918,19.182,28.443,165.00
Building.724,1288.080,2425.711,20.918,23.813,113.771,180.00
Building.725,1385.557,2462.381,20.918,12.568,19.182,165.00
Building.726,1859.266,2343.857,20.918,40.349,51.594,-30.00
Building.727,1848.729,2301.656,20.918,25.511,32.908,150.00
Building.728,1825.836,2285.471,20.918,35.831,33.735,45.00
Building.729,1855.502,2298.471,20.918,23.292,33.499,150.00
Building.730,1838.843,2351.999,20.918,38.398,67.469,165.00
Building.731,1809.851,2313.954,20.918,12.568,14.029,135.00
Building.732,1809.308,2323.371,20.918,1.323,0.523,120.00
Building.733,1694.331,2249.963,20.918,43.392,43.392,-15.00
Building.734,2091.508,2165.254,20.918,30.555,28.232,-165.00
Building.735,2110.384,2115.540,20.918,52.388,37.624,-75.00
Building.736,2053.394,2108.532,20.918,27.143,27.262,90.00
Building.737,2085.850,2121.811,20.918,22.322,30.163,-165.00
Building.738,2115.180,2135.831,20.918,28.451,23.511,-75.00
Building.739,2103.871,2164.600,20.918,26.346,20.354,-75.00
Building.740,2099.190,2178.040,20.918,25.508,22.345,-75.00
Building.741,1748.221,2328.106,20.918,14.817,15.346,-135.00
Building.742,967.103,2222.567,20.918,83.259,29.195,-105.00
Building.743,1005.931,2208.190,20.918,12.965,16.784,-15.00
Building.744,892.163,2227.244,20.918,16.784,18.509,-15.00
Building.745,913.658,2224.462,20.918,12.440,15.485,0.00
Building.746,906.169,2225.219,20.918,9.179,16.391,0.00
Building.747,915.264,2252.177,20.918,38.415,13.759,-105.00
Building.748,926.811,2229.557,20.918,68.157,21.449,75.00
Building.749,961.622,2230.058,20.918,66.220,26.701,75.00
Building.750,1010.198,2227.146,20.918,19.029,11.289,75.00
Building.751,1031.616,2215.188,20.918,16.933,36.322,-75.00
Building.752,1031.100,2169.046,20.918,20.818,20.584,75.00
Building.753,998.769,2182.100,20.918,11.175,19.579,0.00
Building.754,1007.769,2172.630,20.918,63.042,60.524,-105.00
Building.755,966.739,2163.422,20.918,12.700,14.975,0.00
Building.756,947.312,2168.394,20.918,21.696,25.929,-15.00
Building.757,938.187,2167.204,20.918,12.700,15.346,15.00
Building.758,907.262,2197.890,20.918,28.046,37.372,0.00
Building.759,901.066,2206.938,20.918,24.850,12.489,90.00
Building.760,895.243,2206.003,20.918,21.406,16.404,-75.00
Building.761,893.907,2179.511,20.918,21.920,21.427,105.00
Building.762,766.524,2311.759,20.918,18.521,13.890,-105.00
Building.763,733.784,2272.888,20.918,48.948,19.183,75.00
Building.764,685.518,2276.797,20.918,31.089,18.521,75.00
Building.765,684.448,2247.678,20.918,19.182,27.781,165.00
Building.766,729.216,2109.531,20.918,0.050,1.323,75.00
Building.767,695.000,2103.533,20.918,46.302,52.255,-90.00
Building.768,676.489,1929.222,20.918,74.745,61.516,-135.00
Building.769,647.236,1894.638,20.918,27.781,27.781,45.00
Building.770,1349.945,1983.432,20.918,17.859,10.583,75.00
Building.771,1314.765,1928.463,20.918,24.474,11.906,-90.00
Building.772,1392.698,1921.336,20.918,9.260,10.583,-165.00
Building.773,1370.549,1885.174,20.918,23.812,11.205,90.00
Building.774,1379.066,1895.878,20.918,1.323,0.040,15.00
Building.775,1313.434,1891.143,20.918,21.828,13.891,75.00
Building.776,1287.024,1873.326,20.918,13.229,31.089,180.00
Building.777,1356.671,1858.505,20.918,19.844,11.906,-105.00
Building.778,1370.136,1813.770,20.918,13.891,34.396,180.00
Building.779,1340.321,1836.774,20.918,20.505,11.906,-105.00
Building.780,1313.462,1834.041,20.918,0.716,0.661,75.00
Building.781,1301.375,1820.032,20.918,14.497,33.073,-15.00
Building.782,1282.783,1817.664,20.918,12.568,27.781,180.00
Building.783,1331.323,1750.484,20.918,51.594,18.521,-90.00
Building.784,1305.453,1698.030,20.918,50.932,13.891,90.00
Building.785,1318.912,1661.892,20.918,20.502,8.557,-90.00
Building.786,1329.389,1662.547,20.918,0.665,0.042,90.00
Building.787,1274.548,1735.372,20.918,16.536,16.536,105.00
Building.788,1262.325,1702.185,20.918,11.245,15.875,0.00
Building.789,1308.310,1790.508,20.918,11.906,10.583,-105.00
Building.790,1363.093,1780.152,20.918,12.568,14.552,-165.00
Building.791,1344.392,1665.760,20.918,10.583,6.615,150.00
Building.792,1310.236,1668.008,20.918,7.938,14.552,165.00
Building.793,1504.315,1949.954,20.918,51.594,20.505,75.00
Building.794,1556.258,1938.590,20.918,19.182,15.214,90.00
Building.795,1580.561,1941.516,20.918,14.552,27.120,-15.00
Building.796,1637.315,1931.289,20.918,38.365,13.891,-90.00
Building.797,1505.990,1873.503,20.918,93.266,31.750,-105.00
Building.798,1475.381,1728.392,20.918,85.990,35.057,75.00
Building.799,1593.979,1727.822,20.918,84.005,33.073,-105.00
Building.800,1599.980,1798.563,20.918,64.161,22.490,75.00
Building.801,1491.971,1816.452,20.918,54.240,18.521,75.00
Building.802,1453.059,1802.481,20.918,17.859,50.271,165.00
Building.803,1531.422,1779.443,20.918,22.490,27.120,165.00
Building.804,1537.409,1809.314,20.918,11.245,8.599,75.00
Building.805,1649.882,1787.802,20.918,11.906,9.922,75.00
Building.806,1594.876,1981.324,20.918,11.245,8.599,-90.00
Building.807,1610.623,1991.903,20.918,12.568,10.583,150.00
Building.808,1642.623,1990.569,20.918,25.136,21.828,0.00
Building.809,1751.929,1910.937,20.918,23.151,18.521,75.00
Building.810,1714.638,1895.392,20.918,19.182,41.672,165.00
Building.811,1739.475,1861.276,20.918,41.672,19.844,-105.00
Building.812,1755.049,1886.385,20.918,11.906,8.599,-105.00
Building.813,1736.200,1889.295,20.918,11.245,11.245,-105.00
Building.814,1728.271,1812.583,20.918,40.349,21.167,75.00
Building.815,1746.864,1828.695,20.918,11.245,9.260,60.00
Building.816,1727.251,1831.720,20.918,11.245,7.276,75.00
Building.817,1739.927,1753.137,20.918,21.167,40.349,165.00
Building.818,1723.396,1697.146,20.918,1.985,1.323,75.00
Building.819,1707.521,1687.745,20.918,32.412,21.167,75.00
Building.820,1823.907,1893.825,20.918,46.302,19.182,-105.00
Building.821,1818.256,1855.898,20.918,51.594,15.875,-105.00
Building.822,1829.987,1831.922,20.918,34.396,17.198,-105.00
Building.823,1797.479,1751.198,20.918,49.609,15.875,75.00
Building.824,1807.821,1732.817,20.918,23.813,12.568,-105.00
Building.825,1825.703,1671.919,20.918,20.505,35.057,165.00
Building.826,1804.234,1637.436,20.918,23.151,15.213,75.00
Building.827,1793.444,1661.715,20.918,8.599,12.568,-180.00
Building.828,1894.825,1885.229,20.918,32.412,14.552,-105.00
Building.829,1912.034,1850.131,20.918,13.229,33.734,165.00
Building.830,1876.664,1856.061,20.918,13.891,29.766,-15.00
Building.831,1890.079,1819.957,20.918,36.380,17.859,75.00
Building.832,1874.821,1788.287,20.918,27.781,18.521,75.00
Building.833,1887.654,1761.854,20.918,42.995,17.859,-105.00
Building.834,1856.357,1737.911,20.918,12.568,20.505,-15.00
Building.835,1861.978,1639.684,20.918,49.860,49.905,75.00
Building.836,1879.310,1693.731,20.918,14.828,22.734,165.00
Building.837,1879.326,1693.794,20.918,21.518,22.606,-15.00
Building.838,1845.870,1692.682,20.918,17.519,39.688,-15.00
Building.839,1858.804,1697.585,20.918,11.666,23.260,-15.00
Building.840,1873.182,1668.301,20.918,41.028,22.168,75.00
Building.841,1867.597,1669.312,20.918,50.812,20.166,-105.00
Building.842,1875.449,1659.555,20.918,33.900,20.643,-105.00
Building.843,1873.981,1645.996,20.918,31.446,15.035,-105.00
Building.844,1850.160,1658.022,20.918,17.024,17.493,45.00
Building.845,1923.205,2029.790,20.918,37.139,41.336,135.00
Building.846,1919.487,2053.397,20.918,24.615,11.245,90.00
Building.847,1926.051,2111.016,20.918,32.411,19.544,-45.00
Building.848,1926.201,2083.899,20.918,28.750,18.237,75.00
Building.849,1925.243,2084.141,20.918,26.403,11.124,-105.00
Building.850,1925.533,2062.772,20.918,20.069,15.719,75.00
Building.851,1909.535,2065.681,20.918,10.106,22.298,-15.00
Building.852,1955.488,2099.080,20.918,25.922,18.186,75.00
Building.853,1957.908,2089.995,20.918,10.121,17.920,-15.00
Building.854,1955.128,2073.198,20.918,11.013,18.877,-15.00
Building.855,1962.027,2056.099,20.918,11.122,17.035,180.00
Building.856,1960.339,2041.349,20.918,11.736,21.152,180.00
Building.857,1940.131,2025.967,20.918,26.439,44.452,-15.00
Building.858,1922.792,2029.289,20.918,32.292,39.573,-45.00
Building.859,1951.273,2090.857,20.918,14.900,17.983,165.00
Building.860,1946.242,2074.885,20.918,14.484,17.738,165.00
Building.861,1936.170,2059.737,20.918,11.850,12.067,60.00
Building.862,1939.358,2053.032,20.918,11.344,14.574,165.00
Building.863,1868.378,2113.666,20.918,15.875,19.579,165.00
Building.864,1859.099,2096.421,20.918,9.525,19.371,-15.00
Building.865,1837.765,2051.932,20.918,30.163,13.758,105.00
Building.866,1887.513,2088.933,20.918,15.346,9.525,-105.00
Building.867,1910.384,1997.943,20.918,9.938,11.370,0.00
Building.868,1927.406,1994.492,20.918,10.543,10.258,135.00
Building.869,2004.770,2056.157,20.918,12.700,8.467,-105.00
Building.870,2069.531,2208.088,20.918,15.875,11.113,-105.00
Building.871,1488.894,2700.182,20.918,9.525,13.229,180.00
Building.872,2003.438,2366.258,20.918,25.797,21.828,120.00
Building.873,1960.576,2353.258,20.918,25.135,19.844,135.00
Building.874,1867.843,2288.148,20.918,30.468,57.547,-45.00
Building.875,1950.273,2379.821,20.918,53.212,61.516,150.00
Building.876,1917.445,2359.989,20.918,22.790,25.568,60.00
Building.877,1915.178,2348.903,20.918,27.152,21.143,60.00
Building.878,1910.536,2333.539,20.918,40.988,35.607,105.00
Building.879,1938.613,2339.097,20.918,17.988,20.727,150.00
Building.880,1952.962,2335.022,20.918,18.392,21.347,-135.00
Building.881,1942.847,2319.760,20.918,19.498,24.291,-30.00
Building.882,1931.455,2329.618,20.918,25.305,37.521,-30.00
Building.883,1902.358,2307.541,20.918,31.750,29.068,135.00
Building.884,1899.584,2323.197,20.918,23.403,17.546,60.00
Building.885,1922.214,2322.417,20.918,29.478,26.928,-135.00
Building.886,1924.014,2297.729,20.918,26.171,16.939,135.00
Building.887,1906.794,2311.671,20.918,17.890,16.537,-45.00
Building.888,1912.159,2287.896,20.918,16.645,17.370,135.00
Building.889,1895.081,2287.700,20.918,24.692,21.446,-105.00
Building.890,1915.248,2253.045,20.918,44.831,20.503,-90.00
Building.891,2016.577,2347.409,20.918,18.982,24.901,135.00
Building.892,2031.273,2372.555,20.918,33.754,32.596,-45.00
Building.893,2045.770,2384.635,20.918,0.661,0.477,135.00
Building.894,2062.661,2244.848,20.918,35.099,15.213,-90.00
Building.895,2061.877,2244.782,20.918,34.986,17.344,90.00
Building.896,2057.677,2276.347,20.918,31.428,19.973,-75.00
Building.897,2050.553,2274.448,20.918,42.717,20.155,105.00
Building.898,2042.364,2309.020,20.918,46.525,20.029,-90.00
Building.899,2040.679,2308.824,20.918,43.214,23.797,90.00
Building.900,2034.962,2341.571,20.918,41.078,24.726,-45.00
Building.901,2034.855,2265.633,20.918,52.917,63.394,-180.00
Building.902,1987.114,2271.463,20.918,31.200,26.438,-45.00
Building.903,1984.880,2252.496,20.918,18.341,17.629,-90.00
Building.904,1999.747,2239.199,20.918,9.966,7.149,-60.00
Building.905,1994.599,2245.203,20.918,10.349,18.807,0.00
Building.906,1985.869,2335.371,20.918,47.910,39.370,-45.00
Building.907,1983.271,2284.353,20.918,11.576,12.898,-135.00
Building.908,1983.158,2296.626,20.918,55.261,42.333,30.00
Building.909,1954.327,2293.996,20.918,25.237,31.062,30.00
Building.910,1961.331,2272.948,20.918,17.198,13.229,-60.00
Building.911,1934.246,2272.675,20.918,29.067,33.048,45.00
Building.912,1930.524,2277.478,20.918,18.397,19.413,-135.00
Building.913,1938.952,2266.557,20.918,18.526,18.653,-135.00
Building.914,1945.590,2286.011,20.918,24.556,27.120,45.00
Building.915,1909.301,2267.674,20.918,23.184,21.291,-45.00
Building.916,1920.813,2260.546,20.918,21.034,10.926,-45.00
Building.917,1942.629,2260.578,20.918,21.034,17.997,-60.00
Building.918,1961.686,2264.156,20.918,13.634,21.506,-120.00
Building.919,1951.637,2250.593,20.918,29.242,14.604,-105.00
Building.920,2044.582,2253.209,20.918,13.891,40.925,-180.00
Building.921,1634.817,2520.170,20.918,25.400,16.933,75.00
Building.922,1626.625,2510.373,20.918,15.638,26.458,-15.00
Building.923,1645.870,2505.765,20.918,9.525,23.484,165.00
Building.924,1579.049,2531.554,20.918,14.062,35.365,-15.00
Building.925,1586.557,2529.711,20.918,11.191,34.488,-15.00
Building.926,1603.417,2533.177,20.918,23.577,11.965,-90.00
Building.927,1604.655,2507.263,20.918,15.875,7.938,60.00
Building.928,1579.346,2482.725,20.918,23.812,42.863,165.00
Building.929,1610.553,2481.322,20.918,11.642,18.521,-15.00
Building.930,1643.401,2471.906,20.918,9.525,26.987,-15.00
Building.931,1521.705,2555.112,20.918,25.929,30.691,-165.00
Building.932,1550.475,2551.113,20.918,7.938,15.346,-180.00
Building.933,2668.723,1691.631,20.918,44.317,16.267,105.00
Building.934,2665.007,1713.205,20.918,42.789,13.553,-90.00
Building.935,2649.390,1723.584,20.918,8.987,9.071,-165.00
Building.936,2669.074,1643.732,20.918,20.323,24.342,-120.00
Building.937,2676.349,1682.253,20.918,19.014,15.875,-75.00
Building.938,2677.791,1670.522,20.918,19.175,11.803,-75.00
Building.939,2681.941,1650.096,20.918,14.963,11.491,90.00
Building.940,2683.175,1638.804,20.918,15.502,12.604,90.00
Building.941,2684.513,1638.675,20.918,16.404,9.080,-90.00
Building.942,2666.549,1648.531,20.918,12.916,21.167,30.00
Building.943,2660.710,1673.461,20.918,9.982,13.525,15.00
Building.944,2670.884,1666.136,20.918,12.700,8.364,-150.00
Building.945,2662.262,1666.958,20.918,10.054,26.719,-180.00
Building.946,2676.174,1613.224,20.918,25.004,21.034,45.00
Building.947,2590.262,1565.138,20.918,28.385,78.717,0.00
Building.948,2667.576,1542.378,20.918,39.115,16.288,-90.00
Building.949,2667.160,1593.009,20.918,47.228,54.616,90.00
Building.950,2667.610,1555.742,20.918,40.771,17.239,75.00
Building.951,2668.498,1555.622,20.918,39.826,17.275,-105.00
Building.952,2666.204,1519.694,20.918,38.169,11.125,90.00
Building.953,2661.235,1569.556,20.918,36.526,25.165,90.00
Building.954,2634.682,1602.206,20.918,25.317,37.306,-90.00
Building.955,2615.938,1596.662,20.918,15.459,36.526,-165.00
Building.956,2615.953,1596.582,20.918,12.851,37.378,15.00
Building.957,2621.632,1609.145,20.918,13.990,16.385,15.00
Building.958,2639.688,1542.843,20.918,19.834,42.732,180.00
Building.959,2600.495,1545.418,20.918,12.487,42.573,0.00
Building.960,2634.326,1572.803,20.918,26.350,14.663,75.00
Building.961,2633.187,1561.671,20.918,27.817,16.652,75.00
Building.962,2589.689,1598.965,20.918,31.396,18.862,105.00
Building.963,2566.610,1561.709,20.918,20.028,68.933,-15.00
Building.964,2589.252,1550.758,20.918,13.851,51.233,0.00
Building.965,2611.560,1544.372,20.918,10.318,42.236,0.00
Building.966,2639.623,1540.743,20.918,8.995,38.985,0.00
Building.967,2855.780,1527.376,20.918,36.007,16.623,-75.00
Building.968,2845.041,1591.147,20.918,23.753,23.087,-150.00
Building.969,2845.181,1558.379,20.918,27.847,20.683,90.00
Building.970,2851.415,1541.479,20.918,30.439,20.601,105.00
Building.971,2854.789,1542.574,20.918,25.266,18.653,-75.00
Building.972,2837.913,1532.053,20.918,9.508,12.965,15.00
Building.973,2823.344,1547.649,20.918,16.561,28.549,-165.00
Building.974,2815.794,1590.849,20.918,20.108,26.458,-165.00
Building.975,2819.953,1568.914,20.918,14.156,17.942,-165.00
Building.976,2801.323,1546.690,20.918,11.098,61.356,0.00
Building.977,2809.892,1523.390,20.918,15.669,17.859,0.00
Building.978,2869.331,1480.821,20.918,29.068,33.129,-75.00
Building.979,2866.862,1508.308,20.918,41.568,17.992,-90.00
Building.980,2858.433,1494.781,20.918,19.579,13.222,-105.00
Building.981,2877.325,1483.024,20.918,29.466,13.819,105.00
Building.982,2883.046,1465.653,20.918,24.274,32.893,30.00
Building.983,2835.113,1445.655,20.918,40.746,39.863,30.00
Building.984,2823.823,1494.579,20.918,25.205,24.822,-180.00
Building.985,2834.805,1491.980,20.918,15.133,11.676,-150.00
Building.986,2826.568,1474.074,20.918,36.097,11.077,90.00
Building.987,2831.742,1465.291,20.918,35.374,9.390,90.00
Building.988,2810.059,1450.233,20.918,7.195,46.723,0.00
Building.989,2839.790,1439.307,20.918,11.642,17.992,-150.00
Building.990,3125.591,1327.869,20.918,27.517,16.404,120.00
Building.991,3181.877,1288.386,20.918,12.171,14.287,-150.00
Building.992,3144.233,1272.329,20.918,17.992,18.521,30.00
Building.993,2915.930,1414.094,20.918,31.221,45.508,-150.00
Building.994,2856.339,1381.637,20.918,86.105,86.254,-60.00
Building.995,2822.958,1395.634,20.918,18.098,15.831,105.00
Building.996,2821.855,1395.378,20.918,19.042,14.241,-75.00
Building.997,2820.761,1408.497,20.918,16.800,10.726,90.00
Building.998,2873.945,1372.660,20.918,12.896,11.708,-150.00
Building.999,2830.762,1357.494,20.918,12.741,12.125,-60.00
